text,category
Some interview questions ask candidates to explain both Entity relationship diagrams and database administrators.,Database
Engineers who work with Unit testing also frequently need to understand arrays.,Programming
Software testing verifies that a system behaves as expected and identifies defects before release.,Software Engineering
Professionals frequently combine Recurrent neural networks with speech recognition to solve real problems.,Artificial Intelligence
Research papers have explored how Unit testing interacts with requirements specifications in practice.,Software Engineering
Process control blocks is sometimes compared with segmentation to highlight their key differences.,Operating System
Some interview questions ask candidates to explain both Unit testing and version control.,Software Engineering
Professionals frequently combine Social engineering with spoofing attacks to solve real problems.,Cyber Security
Binary search builds a useful foundation for later learning about balanced trees.,Data Structure
Research papers have explored how Foreign keys interacts with entity relationship diagrams in practice.,Database
Network address translation allows multiple devices on a private network to share a single public IP address.,Networking
A project involving Tokenization may also require careful handling of LR parsers.,Compiler Design
Professionals frequently combine Network topology with the HTTP protocol to solve real problems.,Networking
Exam questions often test whether students can relate Linked lists to stacks.,Data Structure
Textbooks commonly cover Algorithms in the same chapter that introduces polymorphism.,Programming
Pair programming and requirements gathering are both topics that appear frequently in advanced coursework.,Software Engineering
The waterfall model is sometimes compared with requirements elicitation to highlight their key differences.,Software Engineering
Lecture notes often introduce Machine learning before moving on to overfitting.,Artificial Intelligence
Exam questions often test whether students can relate Sorting algorithms to priority queues.,Data Structure
Lecture notes often introduce Integration testing before moving on to scrum.,Software Engineering
Some interview questions ask candidates to explain both Sharding and indexes.,Database
A project involving Unsupervised learning may also require careful handling of deep learning.,Artificial Intelligence
Pipelining and memory hierarchy are both topics that appear frequently in advanced coursework.,Computer Architecture
Research papers have explored how Hash tables interacts with graph algorithms in practice.,Data Structure
Exam questions often test whether students can relate Abstract syntax trees to code optimization.,Compiler Design
Subnet masks builds a useful foundation for later learning about packets.,Networking
Doubly linked lists builds a useful foundation for later learning about tree traversal.,Data Structure
Engineers who work with Requirements elicitation also frequently need to understand integration testing.,Software Engineering
Transfer learning reuses a model trained on one task as the starting point for a related task.,Artificial Intelligence
Research papers have explored how Conditional statements interacts with pointers in practice.,Programming
A strong grasp of Denial of service attacks often makes it easier to later understand keyloggers.,Cyber Security
Penetration testing and malware are both topics that appear frequently in advanced coursework.,Cyber Security
Denial of service attacks and antivirus software are both topics that appear frequently in advanced coursework.,Cyber Security
Some interview questions ask candidates to explain both Process control blocks and file systems.,Operating System
Grammar rules builds a useful foundation for later learning about peephole optimization.,Compiler Design
Research papers have explored how Three address code interacts with register allocation in practice.,Compiler Design
Exam questions often test whether students can relate Von neumann architecture to reduced instruction set computing.,Computer Architecture
A strong grasp of Abstract syntax trees often makes it easier to later understand grammar rules.,Compiler Design
Engineers who work with Intermediate code also frequently need to understand loop unrolling.,Compiler Design
Feature engineering involves selecting and transforming variables to improve model performance.,Artificial Intelligence
Some interview questions ask candidates to explain both Array implementations and skip lists.,Data Structure
Lecture notes often introduce Virtual memory before moving on to thrashing.,Operating System
Textbooks commonly cover Ethernet in the same chapter that introduces routing tables.,Networking
Professionals frequently combine Ethernet with network address translation to solve real problems.,Networking
Exam questions often test whether students can relate Register allocation to grammar rules.,Compiler Design
A graph consists of a set of vertices connected by edges representing relationships between entities.,Data Structure
Engineers who work with Unit testing also frequently need to understand interpreters.,Programming
Textbooks commonly cover Breadth first search in the same chapter that introduces linked lists.,Data Structure
Some interview questions ask candidates to explain both Array implementations and time complexity.,Data Structure
Object oriented programming relies on classes and objects to model real world entities using inheritance and polymorphism.,Programming
Some interview questions ask candidates to explain both Variables and modules.,Programming
Multicore processors is sometimes compared with bus width to highlight their key differences.,Computer Architecture
Interpreters and register allocation are both topics that appear frequently in advanced coursework.,Compiler Design
Reinforcement learning builds a useful foundation for later learning about backpropagation.,Artificial Intelligence
A strong grasp of Hash tables often makes it easier to later understand red black trees.,Data Structure
Engineers who work with Denial of service attacks also frequently need to understand data breaches.,Cyber Security
A strong grasp of SQL queries often makes it easier to later understand query optimization.,Database
Research papers have explored how Neural networks interacts with unsupervised learning in practice.,Artificial Intelligence
A strong grasp of Recursive descent parsers often makes it easier to later understand semantic analysis.,Compiler Design
Deep learning uses multilayer neural networks to automatically extract features from raw data.,Artificial Intelligence
Generative adversarial networks is sometimes compared with speech recognition to highlight their key differences.,Artificial Intelligence
Research papers have explored how Parser generators interacts with code optimization in practice.,Compiler Design
Some interview questions ask candidates to explain both Hyperparameter tuning and deep learning.,Artificial Intelligence
Research papers have explored how Social engineering interacts with vulnerabilities in practice.,Cyber Security
Professionals frequently combine Loops with modules to solve real problems.,Programming
A shell provides a command line interface that lets users interact directly with the operating system.,Operating System
Priority scheduling is sometimes compared with round robin scheduling to highlight their key differences.,Operating System
Registers are small high speed storage locations directly inside the processor used for computation.,Computer Architecture
Professionals frequently combine Sharding with stored procedures to solve real problems.,Database
Some interview questions ask candidates to explain both Multithreading and closures.,Programming
Research papers have explored how Linked list implementations interacts with heaps in practice.,Data Structure
A project involving The software development life cycle may also require careful handling of design patterns.,Software Engineering
Professionals frequently combine Amortized analysis with arrays to solve real problems.,Data Structure
Textbooks commonly cover Tokenization in the same chapter that introduces scope resolution.,Compiler Design
A strong grasp of Subnet masks often makes it easier to later understand routing tables.,Networking
Brute force attacks builds a useful foundation for later learning about firewalls.,Cyber Security
The control unit directs the operation of the processor by interpreting and executing instructions.,Computer Architecture
Professionals frequently combine The TCP IP protocol with bluetooth to solve real problems.,Networking
Exam questions often test whether students can relate Endpoint protection to digital signatures.,Cyber Security
Priority scheduling and demand paging are both topics that appear frequently in advanced coursework.,Operating System
Textbooks commonly cover Quality assurance in the same chapter that introduces design patterns.,Software Engineering
Social engineering builds a useful foundation for later learning about incident response.,Cyber Security
SQL injection is sometimes compared with honeypots to highlight their key differences.,Cyber Security
Research papers have explored how Autonomous vehicles interacts with confusion matrices in practice.,Artificial Intelligence
Scope resolution and code optimization are both topics that appear frequently in advanced coursework.,Compiler Design
A project involving Honeypots may also require careful handling of cross site scripting.,Cyber Security
Lecture notes often introduce Confusion matrices before moving on to sentiment analysis.,Artificial Intelligence
Dynamic programming and queues are both topics that appear frequently in advanced coursework.,Data Structure
Machine learning enables systems to learn patterns from data without being explicitly programmed.,Artificial Intelligence
Engineers who work with Immutable data types also frequently need to understand lambda functions.,Programming
A project involving Security audits may also require careful handling of security patches.,Cyber Security
Some interview questions ask candidates to explain both Design patterns and software maintenance.,Software Engineering
Engineers who work with Security patches also frequently need to understand endpoint protection.,Cyber Security
A project involving Malware may also require careful handling of firewalls.,Cyber Security
Interpreters is sometimes compared with semantic analysis to highlight their key differences.,Compiler Design
Feature engineering and transfer learning are both topics that appear frequently in advanced coursework.,Artificial Intelligence
A project involving Access control may also require careful handling of phishing.,Cyber Security
Research papers have explored how Intermediate code interacts with regular expressions in practice.,Compiler Design
Some interview questions ask candidates to explain both Concurrency control and column oriented databases.,Database
Lecture notes often introduce Reduced instruction set computing before moving on to control units.,Computer Architecture
Research papers have explored how Software architecture interacts with feasibility studies in practice.,Software Engineering
Adjacency matrices and time complexity are both topics that appear frequently in advanced coursework.,Data Structure
A project involving Cursors may also require careful handling of triggers.,Database
Pair programming builds a useful foundation for later learning about regression testing.,Software Engineering
A project involving Depth first search may also require careful handling of adjacency matrices.,Data Structure
Some interview questions ask candidates to explain both Complex instruction set computing and firmware.,Computer Architecture
Harvard architecture and hardwired control units are both topics that appear frequently in advanced coursework.,Computer Architecture
Paging is a memory management scheme that eliminates the need for contiguous allocation of memory.,Operating System
Textbooks commonly cover Von neumann architecture in the same chapter that introduces harvard architecture.,Computer Architecture
Exam questions often test whether students can relate Array implementations to adjacency matrices.,Data Structure
Engineers who work with Speech recognition also frequently need to understand unsupervised learning.,Artificial Intelligence
Speech recognition and decision trees are both topics that appear frequently in advanced coursework.,Artificial Intelligence
Scope resolution and context free grammars are both topics that appear frequently in advanced coursework.,Compiler Design
A strong grasp of Packets often makes it easier to later understand local area networks.,Networking
Domain name servers builds a useful foundation for later learning about subnet masks.,Networking
Clustering builds a useful foundation for later learning about overfitting.,Artificial Intelligence
Network throughput builds a useful foundation for later learning about wireless networking.,Networking
Exam questions often test whether students can relate Column oriented databases to referential integrity.,Database
Exam questions often test whether students can relate Gradient descent to neural networks.,Artificial Intelligence
Professionals frequently combine Security audits with cyber attacks to solve real problems.,Cyber Security
Research papers have explored how Exception handling interacts with command line arguments in practice.,Programming
Textbooks commonly cover Activation functions in the same chapter that introduces reinforcement learning.,Artificial Intelligence
A project involving Vulnerabilities may also require careful handling of digital signatures.,Cyber Security
An interpreter differs from a compiler because it executes source code directly without producing machine code.,Compiler Design
Exam questions often test whether students can relate Hash collisions to adjacency matrices.,Data Structure
A project involving Heaps may also require careful handling of queues.,Data Structure
Professionals frequently combine Database views with transactions to solve real problems.,Database
Textbooks commonly cover Interrupt handling in the same chapter that introduces fragmentation.,Operating System
Engineers who work with Graphs also frequently need to understand priority queues.,Data Structure
Textbooks commonly cover Binary search in the same chapter that introduces adjacency matrices.,Data Structure
Engineers who work with Doubly linked lists also frequently need to understand red black trees.,Data Structure
Triggers builds a useful foundation for later learning about object relational mapping.,Database
Lecture notes often introduce Algorithms before moving on to type casting.,Programming
Public key infrastructure manages digital certificates that establish trust between parties over insecure networks.,Cyber Security
Some interview questions ask candidates to explain both Entity relationship diagrams and query optimization.,Database
Pipelining allows multiple instruction stages to overlap improving overall processor throughput.,Computer Architecture
Malware is malicious software designed to damage disrupt or gain unauthorized access to computer systems.,Cyber Security
A project involving Three address code may also require careful handling of semantic analysis.,Compiler Design
Context switching is sometimes compared with multitasking to highlight their key differences.,Operating System
A strong grasp of Complex instruction set computing often makes it easier to later understand parallel processing.,Computer Architecture
A strong grasp of Transfer learning often makes it easier to later understand clustering.,Artificial Intelligence
Time complexity measures how the runtime of an algorithm grows with the size of its input.,Data Structure
Lecture notes often introduce Reinforcement learning before moving on to sentiment analysis.,Artificial Intelligence
A strong grasp of The TCP IP protocol often makes it easier to later understand full duplex communication.,Networking
Clock speed is sometimes compared with direct memory access to highlight their key differences.,Computer Architecture
Zombie processes is sometimes compared with demand paging to highlight their key differences.,Operating System
A real time operating system guarantees that certain tasks are completed within strict time constraints.,Operating System
Lecture notes often introduce Instruction level parallelism before moving on to instruction set architecture.,Computer Architecture
Lecture notes often introduce Modules before moving on to pointers.,Programming
Brute force attacks and data breaches are both topics that appear frequently in advanced coursework.,Cyber Security
Bluetooth is sometimes compared with network interface cards to highlight their key differences.,Networking
Textbooks commonly cover Burndown charts in the same chapter that introduces software testing.,Software Engineering
Complex instruction set computing and pipelining are both topics that appear frequently in advanced coursework.,Computer Architecture
Textbooks commonly cover Technical debt in the same chapter that introduces project management.,Software Engineering
Professionals frequently combine Latency with network topology to solve real problems.,Networking
Lecture notes often introduce Complex instruction set computing before moving on to addressing modes.,Computer Architecture
A local area network connects computers within a limited geographic area such as an office building.,Networking
Multicore processors builds a useful foundation for later learning about buses.,Computer Architecture
Array implementations and priority queues are both topics that appear frequently in advanced coursework.,Data Structure
System calls is sometimes compared with thread management to highlight their key differences.,Operating System
A spoofing attack disguises malicious communication so it appears to come from a trusted source.,Cyber Security
Complex instruction set computing is sometimes compared with cache misses to highlight their key differences.,Computer Architecture
Quality assurance builds a useful foundation for later learning about software testing.,Software Engineering
Views are virtual tables based on the result of a stored SQL query in a database.,Database
Immutable data types and dynamic typing are both topics that appear frequently in advanced coursework.,Programming
Some interview questions ask candidates to explain both Conditional statements and unit testing.,Programming
Professionals frequently combine Network throughput with domain name servers to solve real problems.,Networking
A strong grasp of Technical debt often makes it easier to later understand integration testing.,Software Engineering
A project involving Firewalls may also require careful handling of incident response.,Cyber Security
Some interview questions ask candidates to explain both Loop unrolling and top down parsing.,Compiler Design
A compiler translates source code written in a high level language into machine code before execution.,Programming
Textbooks commonly cover Data breaches in the same chapter that introduces cross site scripting.,Cyber Security
Ethernet is a wired networking technology commonly used to connect devices within a local area network.,Networking
Virtual memory allows a computer to use disk space to extend available physical memory.,Operating System
Professionals frequently combine Variables with algorithms to solve real problems.,Programming
Exam questions often test whether students can relate Primary keys to views.,Database
Exam questions often test whether students can relate Doubly linked lists to space complexity.,Data Structure
Linked list implementations builds a useful foundation for later learning about hash tables.,Data Structure
Multi layered defense combines several independent security controls so that a single failure does not compromise the whole system.,Cyber Security
A bus is a communication system that transfers data between components inside a computer.,Computer Architecture
Professionals frequently combine Agile methodology with project management to solve real problems.,Software Engineering
Some interview questions ask candidates to explain both Requirements elicitation and version control.,Software Engineering
Research papers have explored how Device drivers interacts with semaphores in practice.,Operating System
A strong grasp of Decision trees often makes it easier to later understand reinforcement learning.,Artificial Intelligence
A project involving Speech recognition may also require careful handling of autonomous vehicles.,Artificial Intelligence
A project involving Scrum may also require careful handling of the spiral model.,Software Engineering
A strong grasp of Dead code elimination often makes it easier to later understand three address code.,Compiler Design
Normalization is the process of organizing data to reduce redundancy and improve data integrity.,Database
Wireless networking and quality of service are both topics that appear frequently in advanced coursework.,Networking
Joins is sometimes compared with object relational mapping to highlight their key differences.,Database
Textbooks commonly cover Denormalization in the same chapter that introduces views.,Database
Concurrency control builds a useful foundation for later learning about entity relationship diagrams.,Database
Sentiment analysis and neural networks are both topics that appear frequently in advanced coursework.,Artificial Intelligence
A project involving Supervised learning may also require careful handling of convolutional neural networks.,Artificial Intelligence
Professionals frequently combine Refactoring with stakeholders to solve real problems.,Software Engineering
Reduced instruction set computing is sometimes compared with harvard architecture to highlight their key differences.,Computer Architecture
Zero day exploits target software vulnerabilities that are unknown to the vendor at the time of the attack.,Cyber Security
Engineers who work with Closures also frequently need to understand garbage collection.,Programming
Exam questions often test whether students can relate Regular expressions to intermediate code.,Compiler Design
Software engineering applies engineering principles to the design development and maintenance of software.,Software Engineering
Superscalar architecture allows a processor to issue and execute more than one instruction per clock cycle.,Computer Architecture
A convolutional neural network is particularly effective at processing grid like data such as images.,Artificial Intelligence
Professionals frequently combine Buses with addressing modes to solve real problems.,Computer Architecture
Lecture notes often introduce Phishing before moving on to zero day exploits.,Cyber Security
HTTP is an application layer protocol used for transmitting hypertext over the world wide web.,Networking
Full duplex communication builds a useful foundation for later learning about subnet masks.,Networking
Dynamic typing and loops are both topics that appear frequently in advanced coursework.,Programming
Lecture notes often introduce Multi layered defense before moving on to zero day exploits.,Cyber Security
A strong grasp of Space complexity often makes it easier to later understand hash tables.,Data Structure
Social engineering is sometimes compared with keyloggers to highlight their key differences.,Cyber Security
Some interview questions ask candidates to explain both Process synchronization and kernels.,Operating System
Research papers have explored how Exception handling interacts with type casting in practice.,Programming
A doubly linked list allows traversal in both forward and backward directions using two pointers.,Data Structure
Professionals frequently combine Modules with inheritance to solve real problems.,Programming
Design patterns is sometimes compared with use case diagrams to highlight their key differences.,Software Engineering
Command line arguments allow a program to accept input values when it is launched from a terminal.,Programming
Type checking builds a useful foundation for later learning about dead code elimination.,Compiler Design
Lecture notes often introduce Amortized analysis before moving on to tree traversal.,Data Structure
Convolutional neural networks is sometimes compared with computer vision to highlight their key differences.,Artificial Intelligence
Endpoint protection software secures individual devices such as laptops and phones against malware and unauthorized access.,Cyber Security
Exam questions often test whether students can relate Database administrators to joins.,Database
Clock speed measures how many cycles a processor can execute per second typically in gigahertz.,Computer Architecture
Sentiment analysis uses natural language processing to determine the emotional tone expressed in text.,Artificial Intelligence
Textbooks commonly cover File systems in the same chapter that introduces process scheduling.,Operating System
Exception handling and debugging are both topics that appear frequently in advanced coursework.,Programming
Exam questions often test whether students can relate Replication to backup and recovery.,Database
Research papers have explored how Finite automata interacts with recursive descent parsers in practice.,Compiler Design
Engineers who work with Denial of service attacks also frequently need to understand phishing.,Cyber Security
A strong grasp of Antivirus software often makes it easier to later understand endpoint protection.,Cyber Security
Textbooks commonly cover Process synchronization in the same chapter that introduces demand paging.,Operating System
Phishing is a social engineering attack that tricks users into revealing sensitive information such as passwords.,Cyber Security
Some interview questions ask candidates to explain both Local area networks and load balancing.,Networking
Some interview questions ask candidates to explain both Pointers and conditional statements.,Programming
A strong grasp of Views often makes it easier to later understand composite keys.,Database
Some interview questions ask candidates to explain both Doubly linked lists and binary search trees.,Data Structure
Exam questions often test whether students can relate Version control to feasibility studies.,Software Engineering
ACID properties atomicity consistency isolation and durability guarantee reliable database transactions.,Database
Engineers who work with Joins also frequently need to understand foreign keys.,Database
A strong grasp of Deadlocks often makes it easier to later understand thread management.,Operating System
Professionals frequently combine Backup and recovery with cursors to solve real problems.,Database
Engineers who work with Recursion also frequently need to understand dynamic typing.,Programming
Some interview questions ask candidates to explain both Network throughput and DNS.,Networking
SQL injection is an attack technique that inserts malicious database queries through unvalidated user input fields.,Cyber Security
Reinforcement learning trains an agent to make decisions by rewarding desired behaviors.,Artificial Intelligence
Textbooks commonly cover Register allocation in the same chapter that introduces top down parsing.,Compiler Design
Research papers have explored how Proxy servers interacts with load balancing in practice.,Networking
Some interview questions ask candidates to explain both Quality assurance and code review.,Software Engineering
Lecture notes often introduce Process synchronization before moving on to thread management.,Operating System
A project involving Tokenization may also require careful handling of peephole optimization.,Compiler Design
Exam questions often test whether students can relate Registers to branch prediction.,Computer Architecture
A strong grasp of Lambda functions often makes it easier to later understand exception handling.,Programming
Textbooks commonly cover LL parsers in the same chapter that introduces peephole optimization.,Compiler Design
Exam questions often test whether students can relate Confusion matrices to autonomous vehicles.,Artificial Intelligence
A strong grasp of Software architecture often makes it easier to later understand use case diagrams.,Software Engineering
Some interview questions ask candidates to explain both The TCP IP protocol and network congestion.,Networking
Cursors is sometimes compared with stored procedures to highlight their key differences.,Database
Gradient descent and recurrent neural networks are both topics that appear frequently in advanced coursework.,Artificial Intelligence
Exam questions often test whether students can relate Ethernet to network interface cards.,Networking
Research papers have explored how Packets interacts with domain name servers in practice.,Networking
A strong grasp of Harvard architecture often makes it easier to later understand pipelining.,Computer Architecture
Exam questions often test whether students can relate Wireless networking to full duplex communication.,Networking
Exam questions often test whether students can relate Macro preprocessors to lexical analysis.,Compiler Design
A foreign key is a column that creates a link between data in two different tables.,Database
A project involving Network interface cards may also require careful handling of wireless networking.,Networking
Semaphores builds a useful foundation for later learning about process control blocks.,Operating System
Exam questions often test whether students can relate Doubly linked lists to hash tables.,Data Structure
Research papers have explored how Transfer learning interacts with genetic algorithms in practice.,Artificial Intelligence
The software development life cycle builds a useful foundation for later learning about user stories.,Software Engineering
Overfitting is sometimes compared with ensemble learning to highlight their key differences.,Artificial Intelligence
Engineers who work with Concurrency control also frequently need to understand database migrations.,Database
Ransomware encrypts a victim's files and demands payment in exchange for the decryption key.,Cyber Security
A project involving Endpoint protection may also require careful handling of intrusion detection.,Cyber Security
A symbol table stores information about identifiers such as variables functions and their scope.,Compiler Design
Unit testing builds a useful foundation for later learning about closures.,Programming
A project involving Balanced trees may also require careful handling of sorting algorithms.,Data Structure
Professionals frequently combine User stories with version control to solve real problems.,Software Engineering
Textbooks commonly cover Random access memory in the same chapter that introduces harvard architecture.,Computer Architecture
Lecture notes often introduce The TCP IP protocol before moving on to load balancing.,Networking
Professionals frequently combine Harvard architecture with reduced instruction set computing to solve real problems.,Computer Architecture
Textbooks commonly cover Lambda functions in the same chapter that introduces static typing.,Programming
Research papers have explored how Arrays interacts with exception handling in practice.,Programming
Lecture notes often introduce The OSI model before moving on to ping utilities.,Networking
A class constructor initializes the properties of a newly created object when it is instantiated.,Programming
Some interview questions ask candidates to explain both Bandwidth and network topology.,Networking
Lecture notes often introduce Symbol tables before moving on to dead code elimination.,Compiler Design
A strong grasp of Algorithms often makes it easier to later understand dynamic typing.,Programming
Overclocking increases a processor's clock speed beyond its rated specification to boost performance.,Computer Architecture
Syntax errors is sometimes compared with immutable data types to highlight their key differences.,Programming
Research papers have explored how Genetic algorithms interacts with reinforcement learning in practice.,Artificial Intelligence
A data warehouse stores large volumes of historical data collected from multiple sources for analysis.,Database
Reduced instruction set computing is sometimes compared with parallel processing to highlight their key differences.,Computer Architecture
Research papers have explored how Expert systems interacts with natural language processing in practice.,Artificial Intelligence
An addressing mode specifies how the operand of an instruction is located within computer memory.,Computer Architecture
Exam questions often test whether students can relate Multiprogramming to virtual memory.,Operating System
A strong grasp of Class constructors often makes it easier to later understand exception handling.,Programming
Some interview questions ask candidates to explain both Central processing units and instruction level parallelism.,Computer Architecture
Some interview questions ask candidates to explain both Mutual exclusion and schedulers.,Operating System
Some interview questions ask candidates to explain both Gradient descent and ensemble learning.,Artificial Intelligence
Demand paging and virtual memory are both topics that appear frequently in advanced coursework.,Operating System
Some interview questions ask candidates to explain both Von neumann architecture and reduced instruction set computing.,Computer Architecture
Some interview questions ask candidates to explain both Intrusion detection and incident response.,Cyber Security
Penetration testing builds a useful foundation for later learning about vulnerabilities.,Cyber Security
A project involving Network address translation may also require careful handling of DHCP.,Networking
Domain name servers is sometimes compared with bandwidth to highlight their key differences.,Networking
A strong grasp of ACID properties often makes it easier to later understand database schemas.,Database
Social engineering builds a useful foundation for later learning about antivirus software.,Cyber Security
Virtual memory and process control blocks are both topics that appear frequently in advanced coursework.,Operating System
Research papers have explored how Overfitting interacts with neural networks in practice.,Artificial Intelligence
Direct memory access allows peripheral devices to transfer data to memory without involving the CPU directly.,Computer Architecture
Textbooks commonly cover Backpropagation in the same chapter that introduces overfitting.,Artificial Intelligence
Binary trees is sometimes compared with graphs to highlight their key differences.,Data Structure
Microprocessors and control units are both topics that appear frequently in advanced coursework.,Computer Architecture
Professionals frequently combine Data warehouses with backup and recovery to solve real problems.,Database
Code review and quality assurance are both topics that appear frequently in advanced coursework.,Software Engineering
A strong grasp of Lambda functions often makes it easier to later understand arrays.,Programming
Some interview questions ask candidates to explain both Data breaches and honeypots.,Cyber Security
Exam questions often test whether students can relate Normalization to database views.,Database
Professionals frequently combine The HTTP protocol with bandwidth to solve real problems.,Networking
Incident response is sometimes compared with two factor authentication to highlight their key differences.,Cyber Security
Type checking during semantic analysis verifies that operations are applied to compatible data types.,Compiler Design
Register allocation builds a useful foundation for later learning about LR parsers.,Compiler Design
Indexes improve the speed of data retrieval operations on a database table at the cost of additional storage.,Database
Version control systems like git allow multiple developers to track changes and collaborate on source code.,Programming
Von neumann architecture is sometimes compared with reduced instruction set computing to highlight their key differences.,Computer Architecture
A burndown chart visually tracks the amount of work remaining in an agile sprint over time.,Software Engineering
Array implementations and doubly linked lists are both topics that appear frequently in advanced coursework.,Data Structure
Round robin scheduling and demand paging are both topics that appear frequently in advanced coursework.,Operating System
Lecture notes often introduce Bottom up parsing before moving on to code generation.,Compiler Design
Lecture notes often introduce Memory hierarchy before moving on to registers.,Computer Architecture
Textbooks commonly cover Wireless networking in the same chapter that introduces routers.,Networking
Textbooks commonly cover Random access memory in the same chapter that introduces control units.,Computer Architecture
Engineers who work with Requirements elicitation also frequently need to understand pair programming.,Software Engineering
Research papers have explored how Scope resolution interacts with three address code in practice.,Compiler Design
A project involving Column oriented databases may also require careful handling of entity relationship diagrams.,Database
Referential integrity builds a useful foundation for later learning about object relational mapping.,Database
Research papers have explored how Indexes interacts with database migrations in practice.,Database
Peephole optimization and lexical analysis are both topics that appear frequently in advanced coursework.,Compiler Design
Semantic analysis checks the source code for meaning and type consistency after parsing.,Compiler Design
Engineers who work with Peephole optimization also frequently need to understand context free grammars.,Compiler Design
A strong grasp of Demand paging often makes it easier to later understand mutual exclusion.,Operating System
Lecture notes often introduce Clustering before moving on to supervised learning.,Artificial Intelligence
Engineers who work with Depth first search also frequently need to understand skip lists.,Data Structure
Textbooks commonly cover Thread management in the same chapter that introduces deadlocks.,Operating System
Some interview questions ask candidates to explain both Recursion and pointers.,Programming
A strong grasp of Referential integrity often makes it easier to later understand data warehouses.,Database
Research papers have explored how Debugging interacts with recursion in practice.,Programming
Engineers who work with Intermediate code also frequently need to understand code optimization.,Compiler Design
Engineers who work with Recursion also frequently need to understand inheritance.,Programming
A project involving Binary trees may also require careful handling of time complexity.,Data Structure
Engineers who work with Ping utilities also frequently need to understand fiber optic cables.,Networking
Cache memory is sometimes compared with reduced instruction set computing to highlight their key differences.,Computer Architecture
A project involving Array implementations may also require careful handling of breadth first search.,Data Structure
A project involving Overclocking may also require careful handling of superscalar architecture.,Computer Architecture
A balanced tree such as an AVL tree automatically adjusts its structure to keep operations efficient.,Data Structure
Zombie processes is sometimes compared with file systems to highlight their key differences.,Operating System
Textbooks commonly cover Virtual memory in the same chapter that introduces demand paging.,Operating System
Professionals frequently combine Control units with cache misses to solve real problems.,Computer Architecture
Random access memory and pipelining are both topics that appear frequently in advanced coursework.,Computer Architecture
A project involving Deadlocks may also require careful handling of mutual exclusion.,Operating System
Multithreading builds a useful foundation for later learning about unit testing.,Programming
Engineers who work with Dynamic typing also frequently need to understand version control.,Programming
Professionals frequently combine Firmware with microcontrollers to solve real problems.,Computer Architecture
Lecture notes often introduce Memory management before moving on to device drivers.,Operating System
Research papers have explored how Peephole optimization interacts with LR parsers in practice.,Compiler Design
A strong grasp of Gradient descent often makes it easier to later understand convolutional neural networks.,Artificial Intelligence
Research papers have explored how Continuous integration interacts with requirements elicitation in practice.,Software Engineering
Operator overloading builds a useful foundation for later learning about garbage collection.,Programming
Lecture notes often introduce Microprocessors before moving on to arithmetic logic units.,Computer Architecture
Professionals frequently combine Zombie processes with segmentation to solve real problems.,Operating System
Finite automata and regular expressions are both topics that appear frequently in advanced coursework.,Compiler Design
Textbooks commonly cover Variables in the same chapter that introduces closures.,Programming
Exam questions often test whether students can relate DHCP to load balancing.,Networking
Design patterns is sometimes compared with scrum to highlight their key differences.,Software Engineering
Research papers have explored how Autonomous vehicles interacts with machine learning in practice.,Artificial Intelligence
Quality assurance builds a useful foundation for later learning about pair programming.,Software Engineering
Research papers have explored how Algorithms interacts with arrays in practice.,Programming
Schedulers is sometimes compared with priority scheduling to highlight their key differences.,Operating System
The central processing unit executes instructions by performing arithmetic logical and control operations.,Computer Architecture
Neural networks are computing systems inspired by the biological neural networks of the human brain.,Artificial Intelligence
Textbooks commonly cover Decision trees in the same chapter that introduces generative adversarial networks.,Artificial Intelligence
Priority queues is sometimes compared with depth first search to highlight their key differences.,Data Structure
Pipelining builds a useful foundation for later learning about memory hierarchy.,Computer Architecture
Some interview questions ask candidates to explain both Cache misses and parallel processing.,Computer Architecture
Some interview questions ask candidates to explain both Agile methodology and requirements specifications.,Software Engineering
Type casting and syntax errors are both topics that appear frequently in advanced coursework.,Programming
Lecture notes often introduce Priority scheduling before moving on to process synchronization.,Operating System
Branch prediction builds a useful foundation for later learning about overclocking.,Computer Architecture
Some interview questions ask candidates to explain both The TCP IP protocol and switches.,Networking
Lecture notes often introduce Abstract syntax trees before moving on to code generation.,Compiler Design
A strong grasp of Access control often makes it easier to later understand denial of service attacks.,Cyber Security
A strong grasp of Data warehouses often makes it easier to later understand triggers.,Database
Some interview questions ask candidates to explain both Deadlocks and thrashing.,Operating System
Some interview questions ask candidates to explain both Real time operating systems and boot loaders.,Operating System
Dead code elimination removes instructions from a program that do not affect the final output.,Compiler Design
Thrashing occurs when a system spends more time swapping pages than executing actual processes.,Operating System
Pointers store the memory address of another variable and are heavily used in languages like C.,Programming
Some interview questions ask candidates to explain both Scope resolution and three address code.,Compiler Design
Inheritance builds a useful foundation for later learning about polymorphism.,Programming
A project involving Load balancing may also require careful handling of routers.,Networking
Lecture notes often introduce Routers before moving on to wireless networking.,Networking
Bluetooth builds a useful foundation for later learning about the OSI model.,Networking
Engineers who work with Latency also frequently need to understand domain name servers.,Networking
Professionals frequently combine Schedulers with mutual exclusion to solve real problems.,Operating System
Textbooks commonly cover Immutable data types in the same chapter that introduces closures.,Programming
Two factor authentication is sometimes compared with firewalls to highlight their key differences.,Cyber Security
A project involving Decision trees may also require careful handling of ensemble learning.,Artificial Intelligence
A data structure is a specialized format for organizing processing retrieving and storing data.,Data Structure
Textbooks commonly cover Queues in the same chapter that introduces breadth first search.,Data Structure
Lecture notes often introduce Firmware before moving on to overclocking.,Computer Architecture
Research papers have explored how Triggers interacts with NoSQL databases in practice.,Database
Version control is sometimes compared with design patterns to highlight their key differences.,Software Engineering
Schedulers builds a useful foundation for later learning about mutual exclusion.,Operating System
Engineers who work with Binary search also frequently need to understand arrays.,Data Structure
Python is a high level interpreted programming language known for its readable syntax and dynamic typing.,Programming
Engineers who work with Process synchronization also frequently need to understand shells.,Operating System
Lecture notes often introduce Buses before moving on to parallel processing.,Computer Architecture
Hash collisions builds a useful foundation for later learning about binary search.,Data Structure
Textbooks commonly cover Query optimization in the same chapter that introduces relational tables.,Database
Professionals frequently combine Superscalar architecture with memory hierarchy to solve real problems.,Computer Architecture
Depth first search explores as far as possible along a branch before backtracking in a graph.,Data Structure
Textbooks commonly cover Load balancing in the same chapter that introduces modems.,Networking
Mutual exclusion is sometimes compared with shells to highlight their key differences.,Operating System
The internet protocol suite TCP IP defines how data is transmitted across interconnected networks.,Networking
Textbooks commonly cover Breadth first search in the same chapter that introduces heaps.,Data Structure
Cursors builds a useful foundation for later learning about data warehouses.,Database
Research papers have explored how Refactoring interacts with technical debt in practice.,Software Engineering
Lecture notes often introduce LL parsers before moving on to regular expressions.,Compiler Design
Textbooks commonly cover Scrum in the same chapter that introduces requirements elicitation.,Software Engineering
Lecture notes often introduce ACID properties before moving on to column oriented databases.,Database
Lecture notes often introduce Neural networks before moving on to activation functions.,Artificial Intelligence
Command line arguments builds a useful foundation for later learning about operator overloading.,Programming
Interrupt handling allows the operating system to respond immediately to hardware or software events.,Operating System
A project involving Heaps may also require careful handling of sorting algorithms.,Data Structure
Research papers have explored how Recursive descent parsers interacts with regular expressions in practice.,Compiler Design
Exam questions often test whether students can relate Design patterns to the spiral model.,Software Engineering
Engineers who work with Algorithms also frequently need to understand inheritance.,Programming
A project involving Refactoring may also require careful handling of sprint retrospectives.,Software Engineering
A strong grasp of Loop unrolling often makes it easier to later understand regular expressions.,Compiler Design
Professionals frequently combine Brute force attacks with security audits to solve real problems.,Cyber Security
Textbooks commonly cover Keyloggers in the same chapter that introduces access control.,Cyber Security
Software testing is sometimes compared with the software development life cycle to highlight their key differences.,Software Engineering
Continuous integration automatically builds and tests code changes as they are committed to a repository.,Software Engineering
Exam questions often test whether students can relate Network topology to bluetooth.,Networking
A strong grasp of Continuous integration often makes it easier to later understand software prototyping.,Software Engineering
Lecture notes often introduce Schedulers before moving on to spooling.,Operating System
Some interview questions ask candidates to explain both Views and denormalization.,Database
Lecture notes often introduce Syntax errors before moving on to compilers.,Programming
A strong grasp of SQL injection often makes it easier to later understand access control.,Cyber Security
Research papers have explored how Buses interacts with pipelining in practice.,Computer Architecture
Exam questions often test whether students can relate Three address code to top down parsing.,Compiler Design
Phishing and incident response are both topics that appear frequently in advanced coursework.,Cyber Security
Some interview questions ask candidates to explain both Indexes and query optimization.,Database
A project involving Virtual memory may also require careful handling of zombie processes.,Operating System
A strong grasp of Cache misses often makes it easier to later understand overclocking.,Computer Architecture
Lecture notes often introduce Sorting algorithms before moving on to linked lists.,Data Structure
Exam questions often test whether students can relate Version control to scrum.,Software Engineering
Context switching is the process of storing and restoring the state of a process during scheduling.,Operating System
Dead code elimination is sometimes compared with loop unrolling to highlight their key differences.,Compiler Design
A strong grasp of Ethernet often makes it easier to later understand proxy servers.,Networking
Artificial intelligence is the simulation of human intelligence processes by computer systems.,Artificial Intelligence
Network congestion is sometimes compared with DHCP to highlight their key differences.,Networking
Domain name servers and network throughput are both topics that appear frequently in advanced coursework.,Networking
Replication copies data from one database server to another to improve availability and fault tolerance.,Database
Integration testing is sometimes compared with requirements elicitation to highlight their key differences.,Software Engineering
A boot loader loads the operating system kernel into memory when a computer is first powered on.,Operating System
Refactoring builds a useful foundation for later learning about code review.,Software Engineering
Operator overloading and interpreters are both topics that appear frequently in advanced coursework.,Programming
Keyloggers is sometimes compared with vulnerabilities to highlight their key differences.,Cyber Security
Exam questions often test whether students can relate Adjacency matrices to time complexity.,Data Structure
Exam questions often test whether students can relate Thrashing to thread management.,Operating System
SQL injection builds a useful foundation for later learning about endpoint protection.,Cyber Security
The group by clause in SQL aggregates rows that share a common value into summary rows.,Database
Engineers who work with The software development life cycle also frequently need to understand requirements specifications.,Software Engineering
DNS translates human readable domain names into numerical IP addresses used by computers.,Networking
Engineers who work with Addressing modes also frequently need to understand multicore processors.,Computer Architecture
Lecture notes often introduce Symbol tables before moving on to LR parsers.,Compiler Design
Overfitting builds a useful foundation for later learning about expert systems.,Artificial Intelligence
Lecture notes often introduce Firmware before moving on to central processing units.,Computer Architecture
Exam questions often test whether students can relate Version control to pointers.,Programming
Semaphores are synchronization tools used to control access to shared resources by multiple processes.,Operating System
Bandwidth and the OSI model are both topics that appear frequently in advanced coursework.,Networking
Feasibility studies is sometimes compared with technical debt to highlight their key differences.,Software Engineering
Inheritance and algorithms are both topics that appear frequently in advanced coursework.,Programming
Some interview questions ask candidates to explain both Sharding and entity relationship diagrams.,Database
Tree traversal methods such as inorder preorder and postorder visit nodes of a tree in different sequences.,Data Structure
Peephole optimization examines a small window of instructions to eliminate redundant operations.,Compiler Design
Some interview questions ask candidates to explain both Context free grammars and semantic analysis.,Compiler Design
Research papers have explored how Code optimization interacts with scope resolution in practice.,Compiler Design
Random access memory and overclocking are both topics that appear frequently in advanced coursework.,Computer Architecture
A strong grasp of Circular queues often makes it easier to later understand depth first search.,Data Structure
Some interview questions ask candidates to explain both Zero day exploits and access control.,Cyber Security
Some interview questions ask candidates to explain both Sorting algorithms and adjacency matrices.,Data Structure
Syntax errors is sometimes compared with arrays to highlight their key differences.,Programming
Professionals frequently combine Genetic algorithms with convolutional neural networks to solve real problems.,Artificial Intelligence
Research papers have explored how Virtual memory interacts with semaphores in practice.,Operating System
Professionals frequently combine Graph algorithms with queues to solve real problems.,Data Structure
Lecture notes often introduce Immutable data types before moving on to compilers.,Programming
Research papers have explored how Priority queues interacts with queues in practice.,Data Structure
Lecture notes often introduce Conditional statements before moving on to modules.,Programming
Unit testing is sometimes compared with version control to highlight their key differences.,Programming
Instruction level parallelism allows a processor to execute multiple instructions during a single clock cycle.,Computer Architecture
Cache memory is a small fast memory located close to the CPU to speed up data access.,Computer Architecture
A strong grasp of Vulnerabilities often makes it easier to later understand public key infrastructure.,Cyber Security
Exam questions often test whether students can relate Depth first search to circular queues.,Data Structure
Professionals frequently combine Decision trees with neural networks to solve real problems.,Artificial Intelligence
Lecture notes often introduce Firmware before moving on to cache misses.,Computer Architecture
Exam questions often test whether students can relate Code review to agile methodology.,Software Engineering
Lecture notes often introduce Scrum before moving on to refactoring.,Software Engineering
A project involving Relational tables may also require careful handling of views.,Database
Lecture notes often introduce Static typing before moving on to lambda functions.,Programming
Textbooks commonly cover Interrupt handling in the same chapter that introduces real time operating systems.,Operating System
A project involving The spiral model may also require careful handling of agile methodology.,Software Engineering
Engineers who work with Type checking also frequently need to understand LR parsers.,Compiler Design
Time complexity is sometimes compared with binary search trees to highlight their key differences.,Data Structure
A project involving Recommendation systems may also require careful handling of natural language processing.,Artificial Intelligence
Professionals frequently combine The TCP IP protocol with wide area networks to solve real problems.,Networking
Memory management and shells are both topics that appear frequently in advanced coursework.,Operating System
Code generation is sometimes compared with bottom up parsing to highlight their key differences.,Compiler Design
Professionals frequently combine Deep learning with hyperparameter tuning to solve real problems.,Artificial Intelligence
Exam questions often test whether students can relate Segmentation to deadlocks.,Operating System
Security audits builds a useful foundation for later learning about keyloggers.,Cyber Security
Lecture notes often introduce Buses before moving on to microcontrollers.,Computer Architecture
Unit testing is sometimes compared with event driven programming to highlight their key differences.,Programming
Lecture notes often introduce Decision trees before moving on to overfitting.,Artificial Intelligence
A strong grasp of Incident response often makes it easier to later understand two factor authentication.,Cyber Security
Stored procedures are precompiled SQL code that can be executed repeatedly on the database server.,Database
Unsupervised learning is sometimes compared with artificial neural networks to highlight their key differences.,Artificial Intelligence
Priority queues builds a useful foundation for later learning about arrays.,Data Structure
Lecture notes often introduce Demand paging before moving on to shells.,Operating System
An array stores a fixed size sequential collection of elements of the same data type.,Data Structure
Exam questions often test whether students can relate Database schemas to views.,Database
Engineers who work with Backpropagation also frequently need to understand computer vision.,Artificial Intelligence
Full duplex communication allows data to be transmitted and received simultaneously over a network link.,Networking
Engineers who work with User stories also frequently need to understand version control.,Software Engineering
Some interview questions ask candidates to explain both Finite automata and dead code elimination.,Compiler Design
Engineers who work with Encryption also frequently need to understand ransomware.,Cyber Security
Fragmentation builds a useful foundation for later learning about zombie processes.,Operating System
Some interview questions ask candidates to explain both Stacks and heaps.,Data Structure
Textbooks commonly cover Software architecture in the same chapter that introduces requirements elicitation.,Software Engineering
Engineers who work with Syntax errors also frequently need to understand type casting.,Programming
Exam questions often test whether students can relate Array implementations to breadth first search.,Data Structure
Lecture notes often introduce Microprocessors before moving on to cache memory.,Computer Architecture
Network address translation builds a useful foundation for later learning about the TCP IP protocol.,Networking
Query optimization improves the execution plan chosen by a database engine to run a SQL statement faster.,Database
Professionals frequently combine Intrusion detection with cross site scripting to solve real problems.,Cyber Security
A project involving Instruction set architecture may also require careful handling of bus width.,Computer Architecture
Some interview questions ask candidates to explain both Operator overloading and debugging.,Programming
Professionals frequently combine Computer vision with speech recognition to solve real problems.,Artificial Intelligence
Research papers have explored how Keyloggers interacts with security patches in practice.,Cyber Security
Lecture notes often introduce Control units before moving on to addressing modes.,Computer Architecture
Graphs builds a useful foundation for later learning about arrays.,Data Structure
A strong grasp of Device drivers often makes it easier to later understand mutual exclusion.,Operating System
Lecture notes often introduce Semaphores before moving on to segmentation.,Operating System
Parser generators is sometimes compared with symbol tables to highlight their key differences.,Compiler Design
A strong grasp of Latency often makes it easier to later understand the TCP IP protocol.,Networking
Exam questions often test whether students can relate Linked list implementations to linked lists.,Data Structure
Wide area networks and wireless networking are both topics that appear frequently in advanced coursework.,Networking
A project involving Sentiment analysis may also require careful handling of gradient descent.,Artificial Intelligence
Hardwired control units builds a useful foundation for later learning about multicore processors.,Computer Architecture
Textbooks commonly cover Activation functions in the same chapter that introduces clustering.,Artificial Intelligence
Exam questions often test whether students can relate Demand paging to process control blocks.,Operating System
Research papers have explored how Autonomous vehicles interacts with overfitting in practice.,Artificial Intelligence
Latency is sometimes compared with the TCP IP protocol to highlight their key differences.,Networking
Engineers who work with Microcontrollers also frequently need to understand addressing modes.,Computer Architecture
SQL stands for structured query language and is used to query and manipulate relational databases.,Database
Professionals frequently combine Closures with static typing to solve real problems.,Programming
Research papers have explored how Ping utilities interacts with fiber optic cables in practice.,Networking
Exam questions often test whether students can relate Integration testing to quality assurance.,Software Engineering
Exam questions often test whether students can relate Project management to software testing.,Software Engineering
Clustering builds a useful foundation for later learning about expert systems.,Artificial Intelligence
Referential integrity is sometimes compared with query optimization to highlight their key differences.,Database
Lecture notes often introduce Multicore processors before moving on to bus width.,Computer Architecture
Intrusion detection systems monitor for suspicious activity and known attack signatures on a network.,Cyber Security
Textbooks commonly cover Regression testing in the same chapter that introduces software testing.,Software Engineering
Exam questions often test whether students can relate Type checking to top down parsing.,Compiler Design
Thread management and device drivers are both topics that appear frequently in advanced coursework.,Operating System
A project involving Chatbots may also require careful handling of unsupervised learning.,Artificial Intelligence
A project involving Spooling may also require careful handling of semaphores.,Operating System
Textbooks commonly cover Design patterns in the same chapter that introduces scrum.,Software Engineering
Professionals frequently combine Depth first search with space complexity to solve real problems.,Data Structure
Engineers who work with Database migrations also frequently need to understand normalization.,Database
A project involving Network topology may also require careful handling of load balancing.,Networking
Referential integrity and indexes are both topics that appear frequently in advanced coursework.,Database
Machine learning builds a useful foundation for later learning about recurrent neural networks.,Artificial Intelligence
Some interview questions ask candidates to explain both Software architecture and the waterfall model.,Software Engineering
Textbooks commonly cover Addressing modes in the same chapter that introduces reduced instruction set computing.,Computer Architecture
Wireless networking uses radio waves to connect devices without physical cables such as WiFi.,Networking
Professionals frequently combine Pair programming with software testing to solve real problems.,Software Engineering
Exam questions often test whether students can relate Microcontrollers to registers.,Computer Architecture
Research papers have explored how Software prototyping interacts with agile methodology in practice.,Software Engineering
LL parsers and peephole optimization are both topics that appear frequently in advanced coursework.,Compiler Design
A linked list based queue allows dynamic growth in size without needing to predefine a maximum capacity.,Data Structure
A strong grasp of Network address translation often makes it easier to later understand load balancing.,Networking
Lecture notes often introduce Views before moving on to database migrations.,Database
Textbooks commonly cover Security patches in the same chapter that introduces keyloggers.,Cyber Security
A project involving NoSQL databases may also require careful handling of referential integrity.,Database
A proxy server acts as an intermediary that forwards client requests to other servers on a network.,Networking
A three address code representation expresses each instruction using at most three operands.,Compiler Design
Engineers who work with Hash tables also frequently need to understand graphs.,Data Structure
Lecture notes often introduce Sharding before moving on to relational tables.,Database
Lecture notes often introduce Activation functions before moving on to chatbots.,Artificial Intelligence
Professionals frequently combine Chatbots with recommendation systems to solve real problems.,Artificial Intelligence
A strong grasp of Cyber attacks often makes it easier to later understand incident response.,Cyber Security
Research papers have explored how Hash tables interacts with queues in practice.,Data Structure
Some interview questions ask candidates to explain both Zero day exploits and digital signatures.,Cyber Security
Lecture notes often introduce Replication before moving on to foreign keys.,Database
Research papers have explored how Local area networks interacts with DNS in practice.,Networking
File systems organize and store files on storage devices using directories and metadata.,Operating System
Social engineering and SQL injection are both topics that appear frequently in advanced coursework.,Cyber Security
Some interview questions ask candidates to explain both Binary search trees and linked lists.,Data Structure
Genetic algorithms are search heuristics inspired by the process of natural selection and evolution.,Artificial Intelligence
A multicore processor contains multiple independent processing units on a single physical chip.,Computer Architecture
A project involving Debugging may also require careful handling of command line arguments.,Programming
Exam questions often test whether students can relate Primary keys to concurrency control.,Database
Textbooks commonly cover Mutual exclusion in the same chapter that introduces schedulers.,Operating System
A strong grasp of Scrum often makes it easier to later understand the spiral model.,Software Engineering
User stories builds a useful foundation for later learning about design patterns.,Software Engineering
Some interview questions ask candidates to explain both Quality assurance and sprint retrospectives.,Software Engineering
DNS is sometimes compared with fiber optic cables to highlight their key differences.,Networking
Intrusion detection is sometimes compared with access control to highlight their key differences.,Cyber Security
Lecture notes often introduce The TCP IP protocol before moving on to fiber optic cables.,Networking
Fragmentation and round robin scheduling are both topics that appear frequently in advanced coursework.,Operating System
Research papers have explored how LR parsers interacts with scope resolution in practice.,Compiler Design
Some interview questions ask candidates to explain both Project management and continuous integration.,Software Engineering
Domain name servers and routers are both topics that appear frequently in advanced coursework.,Networking
Three address code and dead code elimination are both topics that appear frequently in advanced coursework.,Compiler Design
A project involving Macro preprocessors may also require careful handling of interpreters.,Compiler Design
Some interview questions ask candidates to explain both Context free grammars and shift reduce parsers.,Compiler Design
Exam questions often test whether students can relate Composite keys to views.,Database
Entity relationship diagrams is sometimes compared with sharding to highlight their key differences.,Database
Research papers have explored how Foreign keys interacts with composite keys in practice.,Database
The TCP IP protocol builds a useful foundation for later learning about domain name servers.,Networking
Research papers have explored how Regression testing interacts with software testing in practice.,Software Engineering
Lecture notes often introduce Computer vision before moving on to backpropagation.,Artificial Intelligence
Generative adversarial networks and artificial neural networks are both topics that appear frequently in advanced coursework.,Artificial Intelligence
Natural language processing builds a useful foundation for later learning about confusion matrices.,Artificial Intelligence
Engineers who work with Autonomous vehicles also frequently need to understand expert systems.,Artificial Intelligence
Lecture notes often introduce Entity relationship diagrams before moving on to indexes.,Database
Multiprogramming builds a useful foundation for later learning about real time operating systems.,Operating System
Lecture notes often introduce Continuous integration before moving on to scrum.,Software Engineering
Textbooks commonly cover Algorithms in the same chapter that introduces event driven programming.,Programming
Professionals frequently combine Space complexity with sorting algorithms to solve real problems.,Data Structure
Textbooks commonly cover Stakeholders in the same chapter that introduces integration testing.,Software Engineering
A strong grasp of Syntax errors often makes it easier to later understand version control.,Programming
A project involving Views may also require careful handling of database migrations.,Database
Von neumann architecture builds a useful foundation for later learning about firmware.,Computer Architecture
Textbooks commonly cover Unsupervised learning in the same chapter that introduces chatbots.,Artificial Intelligence
Network throughput measures the actual amount of data successfully delivered over a network connection per second.,Networking
Engineers who work with Switches also frequently need to understand proxy servers.,Networking
Debugging is the process of finding and fixing errors or bugs within the source code of a program.,Programming
Firewalls builds a useful foundation for later learning about social engineering.,Cyber Security
Lecture notes often introduce Bottom up parsing before moving on to type checking.,Compiler Design
Engineers who work with Column oriented databases also frequently need to understand indexes.,Database
Exam questions often test whether students can relate Parser generators to LL parsers.,Compiler Design
A strong grasp of Abstract syntax trees often makes it easier to later understand lexical analysis.,Compiler Design
Endpoint protection is sometimes compared with encryption to highlight their key differences.,Cyber Security
Professionals frequently combine Keyloggers with endpoint protection to solve real problems.,Cyber Security
Professionals frequently combine Phishing with security patches to solve real problems.,Cyber Security
Zombie processes and file systems are both topics that appear frequently in advanced coursework.,Operating System
Engineers who work with Class constructors also frequently need to understand interpreters.,Programming
Engineers who work with Transactions also frequently need to understand NoSQL databases.,Database
Professionals frequently combine User stories with feasibility studies to solve real problems.,Software Engineering
Exam questions often test whether students can relate Code optimization to shift reduce parsers.,Compiler Design
Concurrency control is sometimes compared with sharding to highlight their key differences.,Database
Some interview questions ask candidates to explain both Chatbots and transfer learning.,Artificial Intelligence
Engineers who work with User stories also frequently need to understand burndown charts.,Software Engineering
Research papers have explored how Recurrent neural networks interacts with transfer learning in practice.,Artificial Intelligence
A parser generator automatically creates a parser from a formal grammar specification.,Compiler Design
Modules and exception handling are both topics that appear frequently in advanced coursework.,Programming
A software requirements specification document formally describes the expected behavior of a system to be built.,Software Engineering
A project involving DNS may also require careful handling of packets.,Networking
Computer vision is sometimes compared with activation functions to highlight their key differences.,Artificial Intelligence
Textbooks commonly cover Command line arguments in the same chapter that introduces immutable data types.,Programming
Research papers have explored how Modules interacts with static typing in practice.,Programming
Arrays builds a useful foundation for later learning about recursion.,Programming
Computer architecture defines the functional behavior and organization of a computer system.,Computer Architecture
A project involving Stakeholders may also require careful handling of continuous integration.,Software Engineering
A strong grasp of Compilers often makes it easier to later understand top down parsing.,Compiler Design
Engineers who work with Fragmentation also frequently need to understand shells.,Operating System
Research papers have explored how Confusion matrices interacts with overfitting in practice.,Artificial Intelligence
Round robin scheduling builds a useful foundation for later learning about deadlocks.,Operating System
A compiler translates source code from a high level language into an equivalent target language.,Compiler Design
Ensemble learning is sometimes compared with unsupervised learning to highlight their key differences.,Artificial Intelligence
Lecture notes often introduce Social engineering before moving on to keyloggers.,Cyber Security
A strong grasp of Bandwidth often makes it easier to later understand network address translation.,Networking
A compiler performs error detection and reporting during each phase of the compilation process.,Compiler Design
A project involving Code optimization may also require careful handling of loop unrolling.,Compiler Design
Professionals frequently combine Reinforcement learning with expert systems to solve real problems.,Artificial Intelligence
Lecture notes often introduce Space complexity before moving on to priority queues.,Data Structure
Lecture notes often introduce Device drivers before moving on to deadlocks.,Operating System
Use case diagrams builds a useful foundation for later learning about requirements gathering.,Software Engineering
Engineers who work with Entity relationship diagrams also frequently need to understand foreign keys.,Database
Some interview questions ask candidates to explain both Social engineering and cyber attacks.,Cyber Security
Lecture notes often introduce Thrashing before moving on to device drivers.,Operating System
Textbooks commonly cover Harvard architecture in the same chapter that introduces direct memory access.,Computer Architecture
Lecture notes often introduce Column oriented databases before moving on to cursors.,Database
Exam questions often test whether students can relate Process scheduling to device drivers.,Operating System
Engineers who work with Variables also frequently need to understand lambda functions.,Programming
Tries builds a useful foundation for later learning about linked lists.,Data Structure
Textbooks commonly cover Transfer learning in the same chapter that introduces convolutional neural networks.,Artificial Intelligence
Engineers who work with Clock speed also frequently need to understand registers.,Computer Architecture
Random access memory builds a useful foundation for later learning about reduced instruction set computing.,Computer Architecture
A project involving Malware may also require careful handling of spoofing attacks.,Cyber Security
Exam questions often test whether students can relate NoSQL databases to ACID properties.,Database
Network topology is sometimes compared with routers to highlight their key differences.,Networking
Some interview questions ask candidates to explain both Instruction level parallelism and von neumann architecture.,Computer Architecture
A strong grasp of Backup and recovery often makes it easier to later understand normalization.,Database
Requirements gathering is sometimes compared with quality assurance to highlight their key differences.,Software Engineering
Harvard architecture uses separate memory spaces for instructions and data to allow simultaneous access.,Computer Architecture
Engineers who work with Bottom up parsing also frequently need to understand type checking.,Compiler Design
A strong grasp of Confusion matrices often makes it easier to later understand sentiment analysis.,Artificial Intelligence
Professionals frequently combine Penetration testing with access control to solve real problems.,Cyber Security
Professionals frequently combine Honeypots with phishing to solve real problems.,Cyber Security
Textbooks commonly cover Antivirus software in the same chapter that introduces access control.,Cyber Security
A strong grasp of Bandwidth often makes it easier to later understand the OSI model.,Networking
A strong grasp of Clustering often makes it easier to later understand machine learning.,Artificial Intelligence
Research papers have explored how Network throughput interacts with network interface cards in practice.,Networking
A strong grasp of Version control often makes it easier to later understand command line arguments.,Programming
A strong grasp of Red black trees often makes it easier to later understand space complexity.,Data Structure
Quality of service is sometimes compared with domain name servers to highlight their key differences.,Networking
Some interview questions ask candidates to explain both Superscalar architecture and cache memory.,Computer Architecture
A trojan horse disguises malicious code as legitimate software to trick users into installing it.,Cyber Security
Feature engineering is sometimes compared with reinforcement learning to highlight their key differences.,Artificial Intelligence
Textbooks commonly cover Context switching in the same chapter that introduces fragmentation.,Operating System
Incident response is sometimes compared with keyloggers to highlight their key differences.,Cyber Security
A project involving Bottom up parsing may also require careful handling of LL parsers.,Compiler Design
Deep learning builds a useful foundation for later learning about computer vision.,Artificial Intelligence
Research papers have explored how Concurrency control interacts with normalization in practice.,Database
Immutable data types and operator overloading are both topics that appear frequently in advanced coursework.,Programming
Research papers have explored how Zero day exploits interacts with two factor authentication in practice.,Cyber Security
Engineers who work with Antivirus software also frequently need to understand security audits.,Cyber Security
Professionals frequently combine Regression testing with use case diagrams to solve real problems.,Software Engineering
A skip list uses multiple layers of linked lists to achieve fast search performance similar to balanced trees.,Data Structure
Textbooks commonly cover Addressing modes in the same chapter that introduces overclocking.,Computer Architecture
A strong grasp of Multicore processors often makes it easier to later understand memory hierarchy.,Computer Architecture
Query optimization builds a useful foundation for later learning about entity relationship diagrams.,Database
Project management builds a useful foundation for later learning about continuous integration.,Software Engineering
Research papers have explored how Neural networks interacts with gradient descent in practice.,Artificial Intelligence
Engineers who work with Code optimization also frequently need to understand parser generators.,Compiler Design
Lecture notes often introduce Process synchronization before moving on to fragmentation.,Operating System
A project involving Data warehouses may also require careful handling of sharding.,Database
Garbage collection builds a useful foundation for later learning about unit testing.,Programming
A project involving Composite keys may also require careful handling of relational tables.,Database
Agile methodology builds a useful foundation for later learning about code review.,Software Engineering
Professionals frequently combine Backpropagation with artificial neural networks to solve real problems.,Artificial Intelligence
Engineers who work with Indexes also frequently need to understand column oriented databases.,Database
Engineers who work with Bottom up parsing also frequently need to understand interpreters.,Compiler Design
Some interview questions ask candidates to explain both Clustering and autonomous vehicles.,Artificial Intelligence
Research papers have explored how Adjacency matrices interacts with breadth first search in practice.,Data Structure
Exam questions often test whether students can relate Addressing modes to bus width.,Computer Architecture
A vulnerability is a weakness in a system that can be exploited by an attacker to cause harm.,Cyber Security
A project involving Integration testing may also require careful handling of feasibility studies.,Software Engineering
A project involving Instruction level parallelism may also require careful handling of random access memory.,Computer Architecture
Transactions builds a useful foundation for later learning about referential integrity.,Database
Backup and recovery strategies protect databases against data loss due to hardware or software failure.,Database
LL parsers and regular expressions are both topics that appear frequently in advanced coursework.,Compiler Design
Memory hierarchy organizes storage into levels balancing speed cost and capacity from registers to disk.,Computer Architecture
Professionals frequently combine Central processing units with superscalar architecture to solve real problems.,Computer Architecture
Exception handling builds a useful foundation for later learning about polymorphism.,Programming
Exam questions often test whether students can relate Central processing units to addressing modes.,Computer Architecture
A zombie process has finished executing but still has an entry in the process table awaiting cleanup.,Operating System
Research papers have explored how Context free grammars interacts with LR parsers in practice.,Compiler Design
Professionals frequently combine The spiral model with requirements elicitation to solve real problems.,Software Engineering
A project involving Antivirus software may also require careful handling of multi layered defense.,Cyber Security
Syntax analysis or parsing checks whether the sequence of tokens conforms to the grammar of the language.,Compiler Design
A strong grasp of SQL queries often makes it easier to later understand referential integrity.,Database
Interpreters builds a useful foundation for later learning about debugging.,Programming
A strong grasp of Multicore processors often makes it easier to later understand central processing units.,Computer Architecture
Engineers who work with Amortized analysis also frequently need to understand binary trees.,Data Structure
Lecture notes often introduce Static typing before moving on to variables.,Programming
String concatenation is sometimes compared with modules to highlight their key differences.,Programming
Research papers have explored how Semantic analysis interacts with code generation in practice.,Compiler Design
Professionals frequently combine Expert systems with gradient descent to solve real problems.,Artificial Intelligence
A project involving Expert systems may also require careful handling of speech recognition.,Artificial Intelligence
Lecture notes often introduce Recurrent neural networks before moving on to overfitting.,Artificial Intelligence
Research papers have explored how Machine learning interacts with deep learning in practice.,Artificial Intelligence
A project involving Natural language processing may also require careful handling of autonomous vehicles.,Artificial Intelligence
Professionals frequently combine Gradient descent with activation functions to solve real problems.,Artificial Intelligence
A strong grasp of Requirements gathering often makes it easier to later understand feasibility studies.,Software Engineering
Artificial neural networks and recurrent neural networks are both topics that appear frequently in advanced coursework.,Artificial Intelligence
Engineers who work with Graphs also frequently need to understand circular queues.,Data Structure
Lecture notes often introduce Denormalization before moving on to database administrators.,Database
Subnet masks is sometimes compared with load balancing to highlight their key differences.,Networking
Research papers have explored how Database migrations interacts with relational tables in practice.,Database
Dynamic programming solves complex problems by breaking them into overlapping subproblems and storing results.,Data Structure
An expert system uses a knowledge base and inference rules to solve complex problems like a human expert.,Artificial Intelligence
Engineers who work with Parallel processing also frequently need to understand registers.,Computer Architecture
Research papers have explored how Subnet masks interacts with latency in practice.,Networking
Load balancing and the TCP IP protocol are both topics that appear frequently in advanced coursework.,Networking
Regression testing re-executes existing tests to ensure new code changes have not broken previous functionality.,Software Engineering
Research papers have explored how Bottom up parsing interacts with parser generators in practice.,Compiler Design
Exam questions often test whether students can relate Amortized analysis to queues.,Data Structure
Space complexity builds a useful foundation for later learning about arrays.,Data Structure
Textbooks commonly cover Instruction set architecture in the same chapter that introduces pipelining.,Computer Architecture
Exam questions often test whether students can relate Static typing to closures.,Programming
Professionals frequently combine Space complexity with amortized analysis to solve real problems.,Data Structure
Professionals frequently combine Von neumann architecture with complex instruction set computing to solve real problems.,Computer Architecture
Confusion matrices is sometimes compared with reinforcement learning to highlight their key differences.,Artificial Intelligence
Engineers who work with Software maintenance also frequently need to understand regression testing.,Software Engineering
Cache memory is sometimes compared with random access memory to highlight their key differences.,Computer Architecture
Exam questions often test whether students can relate Recommendation systems to activation functions.,Artificial Intelligence
Professionals frequently combine Balanced trees with adjacency matrices to solve real problems.,Data Structure
Research papers have explored how Use case diagrams interacts with the software development life cycle in practice.,Software Engineering
Some interview questions ask candidates to explain both Round robin scheduling and demand paging.,Operating System
A strong grasp of Network congestion often makes it easier to later understand modems.,Networking
Two factor authentication adds an extra layer of security by requiring a second verification step beyond a password.,Cyber Security
A project involving Network congestion may also require careful handling of quality of service.,Networking
Schedulers is sometimes compared with mutual exclusion to highlight their key differences.,Operating System
A project involving Garbage collection may also require careful handling of loops.,Programming
Some interview questions ask candidates to explain both Binary trees and time complexity.,Data Structure
Exam questions often test whether students can relate Two factor authentication to keyloggers.,Cyber Security
Ransomware and vulnerabilities are both topics that appear frequently in advanced coursework.,Cyber Security
Textbooks commonly cover Database schemas in the same chapter that introduces indexes.,Database
Engineers who work with Software architecture also frequently need to understand continuous integration.,Software Engineering
Some interview questions ask candidates to explain both Integration testing and the software development life cycle.,Software Engineering
Sentiment analysis is sometimes compared with confusion matrices to highlight their key differences.,Artificial Intelligence
A strong grasp of Process scheduling often makes it easier to later understand interrupt handling.,Operating System
Exam questions often test whether students can relate Artificial neural networks to autonomous vehicles.,Artificial Intelligence
Textbooks commonly cover Speech recognition in the same chapter that introduces deep learning.,Artificial Intelligence
Complex instruction set computing builds a useful foundation for later learning about addressing modes.,Computer Architecture
Engineers who work with Algorithms also frequently need to understand syntax errors.,Programming
Lecture notes often introduce Recursion before moving on to unit testing.,Programming
Routing tables store information used by a router to determine the best path for forwarding packets.,Networking
Penetration testing is sometimes compared with multi layered defense to highlight their key differences.,Cyber Security
Exam questions often test whether students can relate Local area networks to subnet masks.,Networking
String concatenation joins two or more text values together into a single string variable.,Programming
Lecture notes often introduce Pointers before moving on to polymorphism.,Programming
Exam questions often test whether students can relate NoSQL databases to query optimization.,Database
Research papers have explored how Exception handling interacts with variables in practice.,Programming
Exam questions often test whether students can relate Spoofing attacks to trojan horses.,Cyber Security
A strong grasp of Zero day exploits often makes it easier to later understand security patches.,Cyber Security
Class constructors and version control are both topics that appear frequently in advanced coursework.,Programming
Exam questions often test whether students can relate Ethernet to network congestion.,Networking
Research papers have explored how Two factor authentication interacts with firewalls in practice.,Cyber Security
Some interview questions ask candidates to explain both Two factor authentication and phishing.,Cyber Security
Engineers who work with Triggers also frequently need to understand stored procedures.,Database
Engineers who work with Linked list implementations also frequently need to understand dynamic programming.,Data Structure
Intermediate code representation acts as a bridge between source code and target machine code.,Compiler Design
Lecture notes often introduce Joins before moving on to stored procedures.,Database
Textbooks commonly cover Unit testing in the same chapter that introduces refactoring.,Software Engineering
Version control and multithreading are both topics that appear frequently in advanced coursework.,Programming
Professionals frequently combine Reduced instruction set computing with direct memory access to solve real problems.,Computer Architecture
Some interview questions ask candidates to explain both Exception handling and unit testing.,Programming
Research papers have explored how Ping utilities interacts with bluetooth in practice.,Networking
A project involving Deadlocks may also require careful handling of kernels.,Operating System
Some interview questions ask candidates to explain both Unsupervised learning and confusion matrices.,Artificial Intelligence
Virtual memory is sometimes compared with priority scheduling to highlight their key differences.,Operating System
Professionals frequently combine Dead code elimination with macro preprocessors to solve real problems.,Compiler Design
Professionals frequently combine Lexical analysis with symbol tables to solve real problems.,Compiler Design
Device drivers allow the operating system to communicate with hardware peripherals effectively.,Operating System
Lecture notes often introduce Computer vision before moving on to confusion matrices.,Artificial Intelligence
Research papers have explored how Demand paging interacts with segmentation in practice.,Operating System
Thread management and kernels are both topics that appear frequently in advanced coursework.,Operating System
A project involving Unit testing may also require careful handling of agile methodology.,Software Engineering
A project involving Linked lists may also require careful handling of arrays.,Data Structure
Engineers who work with Register allocation also frequently need to understand shift reduce parsers.,Compiler Design
A strong grasp of Deadlocks often makes it easier to later understand zombie processes.,Operating System
A strong grasp of Central processing units often makes it easier to later understand cache misses.,Computer Architecture
A project involving Domain name servers may also require careful handling of subnet masks.,Networking
Exam questions often test whether students can relate Integration testing to software testing.,Software Engineering
Textbooks commonly cover Complex instruction set computing in the same chapter that introduces superscalar architecture.,Computer Architecture
Complex instruction set computing and reduced instruction set computing are both topics that appear frequently in advanced coursework.,Computer Architecture
Engineers who work with Addressing modes also frequently need to understand branch prediction.,Computer Architecture
A strong grasp of Polymorphism often makes it easier to later understand command line arguments.,Programming
A strong grasp of Network throughput often makes it easier to later understand network address translation.,Networking
Space complexity is sometimes compared with binary search to highlight their key differences.,Data Structure
Buses builds a useful foundation for later learning about reduced instruction set computing.,Computer Architecture
Engineers who work with Data warehouses also frequently need to understand transactions.,Database
A project involving Adjacency matrices may also require careful handling of binary search trees.,Data Structure
The software development life cycle is sometimes compared with requirements elicitation to highlight their key differences.,Software Engineering
Exam questions often test whether students can relate Time complexity to skip lists.,Data Structure
Social engineering manipulates people psychologically into divulging confidential information or performing risky actions.,Cyber Security
Exam questions often test whether students can relate Full duplex communication to network address translation.,Networking
Fiber optic cables transmit data as pulses of light and support very high network bandwidth over long distances.,Networking
Lecture notes often introduce Instruction level parallelism before moving on to direct memory access.,Computer Architecture
Textbooks commonly cover Requirements gathering in the same chapter that introduces sprint retrospectives.,Software Engineering
Zombie processes is sometimes compared with context switching to highlight their key differences.,Operating System
Recursive descent parsers builds a useful foundation for later learning about loop unrolling.,Compiler Design
Professionals frequently combine Endpoint protection with brute force attacks to solve real problems.,Cyber Security
Textbooks commonly cover Priority scheduling in the same chapter that introduces thrashing.,Operating System
Research papers have explored how Von neumann architecture interacts with firmware in practice.,Computer Architecture
The OSI model is sometimes compared with bluetooth to highlight their key differences.,Networking
Requirements specifications builds a useful foundation for later learning about software maintenance.,Software Engineering
Some interview questions ask candidates to explain both Query optimization and relational tables.,Database
Regular expressions and LL parsers are both topics that appear frequently in advanced coursework.,Compiler Design
Lecture notes often introduce Compilers before moving on to loops.,Programming
Exam questions often test whether students can relate Compilers to multithreading.,Programming
Design patterns and software testing are both topics that appear frequently in advanced coursework.,Software Engineering
Professionals frequently combine Referential integrity with foreign keys to solve real problems.,Database
Engineers who work with Amortized analysis also frequently need to understand hash collisions.,Data Structure
Textbooks commonly cover Arrays in the same chapter that introduces linked list implementations.,Data Structure
Unsupervised learning finds hidden patterns or groupings in data without labeled outcomes.,Artificial Intelligence
Research papers have explored how Two factor authentication interacts with honeypots in practice.,Cyber Security
Debugging is sometimes compared with immutable data types to highlight their key differences.,Programming
Overfitting occurs when a machine learning model learns noise in training data instead of general patterns.,Artificial Intelligence
Access control is sometimes compared with encryption to highlight their key differences.,Cyber Security
Some interview questions ask candidates to explain both Software testing and regression testing.,Software Engineering
Some interview questions ask candidates to explain both Social engineering and multi layered defense.,Cyber Security
Exam questions often test whether students can relate Query optimization to database views.,Database
Engineers who work with Code optimization also frequently need to understand lexical analysis.,Compiler Design
Scope resolution and top down parsing are both topics that appear frequently in advanced coursework.,Compiler Design
Professionals frequently combine Unsupervised learning with genetic algorithms to solve real problems.,Artificial Intelligence
Lecture notes often introduce Endpoint protection before moving on to trojan horses.,Cyber Security
A project involving Linked list implementations may also require careful handling of doubly linked lists.,Data Structure
Professionals frequently combine Column oriented databases with database administrators to solve real problems.,Database
Engineers who work with Buses also frequently need to understand harvard architecture.,Computer Architecture
Research papers have explored how Cursors interacts with database schemas in practice.,Database
Textbooks commonly cover Ransomware in the same chapter that introduces digital signatures.,Cyber Security
Conditional statements and arrays are both topics that appear frequently in advanced coursework.,Programming
Exam questions often test whether students can relate Complex instruction set computing to direct memory access.,Computer Architecture
A switch connects devices within a local area network and forwards data based on MAC addresses.,Networking
Lambda functions builds a useful foundation for later learning about event driven programming.,Programming
Some interview questions ask candidates to explain both Zero day exploits and trojan horses.,Cyber Security
Column oriented databases store data by column rather than by row to speed up analytical queries.,Database
Professionals frequently combine Garbage collection with polymorphism to solve real problems.,Programming
Microprocessors builds a useful foundation for later learning about direct memory access.,Computer Architecture
Software testing builds a useful foundation for later learning about feasibility studies.,Software Engineering
A strong grasp of Instruction set architecture often makes it easier to later understand arithmetic logic units.,Computer Architecture
Textbooks commonly cover The HTTP protocol in the same chapter that introduces switches.,Networking
Textbooks commonly cover Machine learning in the same chapter that introduces clustering.,Artificial Intelligence
System calls allow user programs to request services directly from the operating system kernel.,Operating System
Lecture notes often introduce Round robin scheduling before moving on to boot loaders.,Operating System
An array based implementation of a stack uses a fixed size array with a pointer tracking the top element.,Data Structure
A strong grasp of Transfer learning often makes it easier to later understand expert systems.,Artificial Intelligence
Research papers have explored how Network interface cards interacts with bluetooth in practice.,Networking
Engineers who work with Closures also frequently need to understand polymorphism.,Programming
Lecture notes often introduce Views before moving on to ACID properties.,Database
Professionals frequently combine Fiber optic cables with latency to solve real problems.,Networking
Some interview questions ask candidates to explain both Random access memory and overclocking.,Computer Architecture
Research papers have explored how Quality assurance interacts with continuous integration in practice.,Software Engineering
A project involving Tree traversal may also require careful handling of queues.,Data Structure
Exam questions often test whether students can relate Packets to routing tables.,Networking
Engineers who work with Network address translation also frequently need to understand full duplex communication.,Networking
Artificial neural networks is sometimes compared with clustering to highlight their key differences.,Artificial Intelligence
A project involving Stored procedures may also require careful handling of relational tables.,Database
Some interview questions ask candidates to explain both Unit testing and immutable data types.,Programming
Research papers have explored how Sorting algorithms interacts with adjacency matrices in practice.,Data Structure
Engineers who work with Database schemas also frequently need to understand triggers.,Database
Exam questions often test whether students can relate Compilers to class constructors.,Programming
Professionals frequently combine Cache misses with addressing modes to solve real problems.,Computer Architecture
Some interview questions ask candidates to explain both Speech recognition and computer vision.,Artificial Intelligence
Graphs is sometimes compared with sorting algorithms to highlight their key differences.,Data Structure
Research papers have explored how Heaps interacts with sorting algorithms in practice.,Data Structure
Professionals frequently combine Device drivers with thrashing to solve real problems.,Operating System
Interpreters builds a useful foundation for later learning about compilers.,Compiler Design
Exam questions often test whether students can relate Concurrency control to transactions.,Database
Domain name servers builds a useful foundation for later learning about bandwidth.,Networking
Context free grammars are used to define the syntax rules of a programming language.,Compiler Design
A strong grasp of Von neumann architecture often makes it easier to later understand branch prediction.,Computer Architecture
Research papers have explored how Graph algorithms interacts with skip lists in practice.,Data Structure
Lecture notes often introduce Harvard architecture before moving on to cache misses.,Computer Architecture
Network topology and modems are both topics that appear frequently in advanced coursework.,Networking
A project involving Activation functions may also require careful handling of overfitting.,Artificial Intelligence
A microprocessor is an integrated circuit that contains the functions of a central processing unit.,Computer Architecture
Research papers have explored how Bluetooth interacts with network topology in practice.,Networking
Subnet masks is sometimes compared with full duplex communication to highlight their key differences.,Networking
A project involving Breadth first search may also require careful handling of dynamic programming.,Data Structure
Some interview questions ask candidates to explain both Instruction set architecture and microcontrollers.,Computer Architecture
A strong grasp of Memory management often makes it easier to later understand segmentation.,Operating System
Engineers who work with Inheritance also frequently need to understand arrays.,Programming
Cyber security involves protecting computer systems networks and data from digital attacks.,Cyber Security
Research papers have explored how Thread management interacts with kernels in practice.,Operating System
Array implementations and dynamic programming are both topics that appear frequently in advanced coursework.,Data Structure
Schedulers is sometimes compared with round robin scheduling to highlight their key differences.,Operating System
Textbooks commonly cover Boot loaders in the same chapter that introduces process control blocks.,Operating System
Professionals frequently combine Top down parsing with abstract syntax trees to solve real problems.,Compiler Design
Research papers have explored how Cache memory interacts with multicore processors in practice.,Computer Architecture
A project involving Multiprogramming may also require careful handling of virtual memory.,Operating System
Subnet masks and network topology are both topics that appear frequently in advanced coursework.,Networking
Engineers who work with Fragmentation also frequently need to understand round robin scheduling.,Operating System
A project involving Requirements elicitation may also require careful handling of version control.,Software Engineering
Composite keys and NoSQL databases are both topics that appear frequently in advanced coursework.,Database
Research papers have explored how Modems interacts with network interface cards in practice.,Networking
Engineers who work with Instruction set architecture also frequently need to understand superscalar architecture.,Computer Architecture
Depth first search and amortized analysis are both topics that appear frequently in advanced coursework.,Data Structure
Exam questions often test whether students can relate Algorithms to loops.,Programming
Lecture notes often introduce Natural language processing before moving on to expert systems.,Artificial Intelligence
Professionals frequently combine Lambda functions with type casting to solve real problems.,Programming
Some interview questions ask candidates to explain both Abstract syntax trees and loop unrolling.,Compiler Design
A project involving Database migrations may also require careful handling of referential integrity.,Database
Some interview questions ask candidates to explain both Graph algorithms and graphs.,Data Structure
Professionals frequently combine Binary trees with dynamic programming to solve real problems.,Data Structure
Phishing builds a useful foundation for later learning about vulnerabilities.,Cyber Security
Pair programming and burndown charts are both topics that appear frequently in advanced coursework.,Software Engineering
Some interview questions ask candidates to explain both LL parsers and shift reduce parsers.,Compiler Design
Textbooks commonly cover LR parsers in the same chapter that introduces shift reduce parsers.,Compiler Design
Exam questions often test whether students can relate NoSQL databases to relational tables.,Database
Exam questions often test whether students can relate Pair programming to unit testing.,Software Engineering
Engineers who work with Decision trees also frequently need to understand hyperparameter tuning.,Artificial Intelligence
Process control blocks builds a useful foundation for later learning about device drivers.,Operating System
Textbooks commonly cover Multicore processors in the same chapter that introduces registers.,Computer Architecture
Lecture notes often introduce Mutual exclusion before moving on to deadlocks.,Operating System
A strong grasp of The waterfall model often makes it easier to later understand refactoring.,Software Engineering
Professionals frequently combine Transfer learning with recommendation systems to solve real problems.,Artificial Intelligence
Some interview questions ask candidates to explain both Fiber optic cables and packets.,Networking
Textbooks commonly cover Complex instruction set computing in the same chapter that introduces cache misses.,Computer Architecture
Engineers who work with Tree traversal also frequently need to understand arrays.,Data Structure
Engineers who work with Phishing also frequently need to understand firewalls.,Cyber Security
Engineers who work with Bandwidth also frequently need to understand load balancing.,Networking
Inheritance and string concatenation are both topics that appear frequently in advanced coursework.,Programming
Exception handling using try catch blocks allows programs to gracefully handle runtime errors.,Programming
Engineers who work with Schedulers also frequently need to understand multiprogramming.,Operating System
Exam questions often test whether students can relate ACID properties to primary keys.,Database
Pipelining and multicore processors are both topics that appear frequently in advanced coursework.,Computer Architecture
Depth first search is sometimes compared with binary search to highlight their key differences.,Data Structure
Some interview questions ask candidates to explain both Microprocessors and branch prediction.,Computer Architecture
A project involving Endpoint protection may also require careful handling of honeypots.,Cyber Security
Pointers and compilers are both topics that appear frequently in advanced coursework.,Programming
Engineers who work with Clock speed also frequently need to understand harvard architecture.,Computer Architecture
A database schema defines the structure including tables fields and relationships within a database.,Database
Professionals frequently combine NoSQL databases with normalization to solve real problems.,Database
Exam questions often test whether students can relate Quality of service to the HTTP protocol.,Networking
Exam questions often test whether students can relate Closures to string concatenation.,Programming
Network throughput builds a useful foundation for later learning about load balancing.,Networking
Lecture notes often introduce Recurrent neural networks before moving on to supervised learning.,Artificial Intelligence
Some interview questions ask candidates to explain both Arrays and exception handling.,Programming
Arithmetic logic units builds a useful foundation for later learning about addressing modes.,Computer Architecture
A strong grasp of Segmentation often makes it easier to later understand process control blocks.,Operating System
A linked list consists of nodes where each node contains data and a reference to the next node.,Data Structure
Textbooks commonly cover Views in the same chapter that introduces composite keys.,Database
A strong grasp of Tries often makes it easier to later understand binary trees.,Data Structure
Abstract syntax trees and dead code elimination are both topics that appear frequently in advanced coursework.,Compiler Design
A strong grasp of Priority queues often makes it easier to later understand adjacency matrices.,Data Structure
A strong grasp of Priority scheduling often makes it easier to later understand zombie processes.,Operating System
Professionals frequently combine Composite keys with stored procedures to solve real problems.,Database
Dynamic typing is sometimes compared with polymorphism to highlight their key differences.,Programming
Lecture notes often introduce Red black trees before moving on to skip lists.,Data Structure
Engineers who work with Abstract syntax trees also frequently need to understand macro preprocessors.,Compiler Design
Research papers have explored how Feature engineering interacts with sentiment analysis in practice.,Artificial Intelligence
Loops such as for and while allow a program to repeat a block of statements until a condition is met.,Programming
Engineers who work with Denormalization also frequently need to understand sharding.,Database
Some interview questions ask candidates to explain both Network congestion and load balancing.,Networking
A project involving Incident response may also require careful handling of zero day exploits.,Cyber Security
Research papers have explored how Tree traversal interacts with linked lists in practice.,Data Structure
A decision tree is a flowchart like structure used for classification and regression tasks.,Artificial Intelligence
Research papers have explored how Machine learning interacts with supervised learning in practice.,Artificial Intelligence
A strong grasp of Dynamic programming often makes it easier to later understand red black trees.,Data Structure
Professionals frequently combine Tree traversal with linked list implementations to solve real problems.,Data Structure
Engineers who work with Network address translation also frequently need to understand network topology.,Networking
A strong grasp of Domain name servers often makes it easier to later understand routers.,Networking
Research papers have explored how Dynamic programming interacts with space complexity in practice.,Data Structure
Agile methodology is sometimes compared with the spiral model to highlight their key differences.,Software Engineering
DNS and DHCP are both topics that appear frequently in advanced coursework.,Networking
Virtual memory is sometimes compared with spooling to highlight their key differences.,Operating System
Engineers who work with Hyperparameter tuning also frequently need to understand activation functions.,Artificial Intelligence
Some interview questions ask candidates to explain both Endpoint protection and phishing.,Cyber Security
Professionals frequently combine Software prototyping with user stories to solve real problems.,Software Engineering
A strong grasp of Queues often makes it easier to later understand heaps.,Data Structure
Textbooks commonly cover Database migrations in the same chapter that introduces replication.,Database
Speech recognition is sometimes compared with supervised learning to highlight their key differences.,Artificial Intelligence
LL parsers and symbol tables are both topics that appear frequently in advanced coursework.,Compiler Design
Engineers who work with Routing tables also frequently need to understand the TCP IP protocol.,Networking
Phishing is sometimes compared with denial of service attacks to highlight their key differences.,Cyber Security
Research papers have explored how Feasibility studies interacts with version control in practice.,Software Engineering
A project involving Parallel processing may also require careful handling of hardwired control units.,Computer Architecture
Some interview questions ask candidates to explain both Loop unrolling and intermediate code.,Compiler Design
Debugging builds a useful foundation for later learning about unit testing.,Programming
A project involving Instruction set architecture may also require careful handling of harvard architecture.,Computer Architecture
A project involving Convolutional neural networks may also require careful handling of genetic algorithms.,Artificial Intelligence
Professionals frequently combine Cache misses with central processing units to solve real problems.,Computer Architecture
The kernel is the core component of an operating system that manages hardware resources directly.,Operating System
Research papers have explored how Zero day exploits interacts with data breaches in practice.,Cyber Security
Some interview questions ask candidates to explain both Space complexity and red black trees.,Data Structure
Textbooks commonly cover Von neumann architecture in the same chapter that introduces cache misses.,Computer Architecture
Research papers have explored how Conditional statements interacts with operator overloading in practice.,Programming
Some interview questions ask candidates to explain both Intermediate code and compilers.,Compiler Design
Lecture notes often introduce Encryption before moving on to denial of service attacks.,Cyber Security
Foreign keys is sometimes compared with referential integrity to highlight their key differences.,Database
Some interview questions ask candidates to explain both Amortized analysis and skip lists.,Data Structure
Professionals frequently combine Data warehouses with primary keys to solve real problems.,Database
Design patterns and software prototyping are both topics that appear frequently in advanced coursework.,Software Engineering
Research papers have explored how Security audits interacts with antivirus software in practice.,Cyber Security
A strong grasp of Finite automata often makes it easier to later understand top down parsing.,Compiler Design
A project involving Denial of service attacks may also require careful handling of vulnerabilities.,Cyber Security
Exam questions often test whether students can relate Unit testing to stakeholders.,Software Engineering
Hardwired control units builds a useful foundation for later learning about addressing modes.,Computer Architecture
Encryption builds a useful foundation for later learning about social engineering.,Cyber Security
Binary search trees and arrays are both topics that appear frequently in advanced coursework.,Data Structure
Lexical analysis is the first phase of compilation that converts source code into a stream of tokens.,Compiler Design
Engineers who work with Compilers also frequently need to understand exception handling.,Programming
Textbooks commonly cover Space complexity in the same chapter that introduces tree traversal.,Data Structure
Engineers who work with Hash collisions also frequently need to understand binary trees.,Data Structure
Exam questions often test whether students can relate Lexical analysis to three address code.,Compiler Design
Professionals frequently combine Hyperparameter tuning with natural language processing to solve real problems.,Artificial Intelligence
A strong grasp of Security patches often makes it easier to later understand ransomware.,Cyber Security
Textbooks commonly cover Database schemas in the same chapter that introduces foreign keys.,Database
Lecture notes often introduce Addressing modes before moving on to memory hierarchy.,Computer Architecture
A router forwards data packets between computer networks and determines the best path for data.,Networking
Digital logic circuits is sometimes compared with instruction level parallelism to highlight their key differences.,Computer Architecture
A strong grasp of Depth first search often makes it easier to later understand adjacency matrices.,Data Structure
Research papers have explored how Clock speed interacts with buses in practice.,Computer Architecture
Software testing is sometimes compared with software maintenance to highlight their key differences.,Software Engineering
Software architecture defines the high level structure and organization of a software system.,Software Engineering
Lecture notes often introduce Register allocation before moving on to tokenization.,Compiler Design
A strong grasp of Multicore processors often makes it easier to later understand clock speed.,Computer Architecture
Research papers have explored how Digital logic circuits interacts with memory hierarchy in practice.,Computer Architecture
Engineers who work with Multi layered defense also frequently need to understand spoofing attacks.,Cyber Security
Multithreading enables a program to execute multiple threads concurrently to improve performance.,Programming
Hyperparameter tuning searches for the best configuration settings to optimize a machine learning model.,Artificial Intelligence
An activation function introduces non linearity into a neural network allowing it to learn complex patterns.,Artificial Intelligence
Zero day exploits and SQL injection are both topics that appear frequently in advanced coursework.,Cyber Security
Malware and encryption are both topics that appear frequently in advanced coursework.,Cyber Security
Professionals frequently combine Multi layered defense with ransomware to solve real problems.,Cyber Security
An array is a collection of elements identified by index or key stored in contiguous memory locations.,Programming
Genetic algorithms builds a useful foundation for later learning about confusion matrices.,Artificial Intelligence
A strong grasp of Artificial neural networks often makes it easier to later understand recommendation systems.,Artificial Intelligence
Research papers have explored how Closures interacts with lambda functions in practice.,Programming
Professionals frequently combine Views with database schemas to solve real problems.,Database
Professionals frequently combine Ping utilities with proxy servers to solve real problems.,Networking
A strong grasp of Thrashing often makes it easier to later understand segmentation.,Operating System
Binary search trees maintain elements in sorted order to allow efficient search insertion and deletion.,Data Structure
Textbooks commonly cover Firewalls in the same chapter that introduces encryption.,Cyber Security
Research papers have explored how Spooling interacts with round robin scheduling in practice.,Operating System
Command line arguments and lambda functions are both topics that appear frequently in advanced coursework.,Programming
A strong grasp of Deep learning often makes it easier to later understand gradient descent.,Artificial Intelligence
Stacks is sometimes compared with doubly linked lists to highlight their key differences.,Data Structure
A strong grasp of Primary keys often makes it easier to later understand query optimization.,Database
Professionals frequently combine Column oriented databases with sharding to solve real problems.,Database
Textbooks commonly cover Depth first search in the same chapter that introduces linked lists.,Data Structure
Branch prediction is sometimes compared with firmware to highlight their key differences.,Computer Architecture
A strong grasp of Syntax analysis often makes it easier to later understand interpreters.,Compiler Design
A project involving Speech recognition may also require careful handling of clustering.,Artificial Intelligence
The dining philosophers problem is a classic example used to illustrate deadlock and synchronization issues.,Operating System
A project involving Central processing units may also require careful handling of parallel processing.,Computer Architecture
Unit testing verifies the correctness of individual components or functions in isolation.,Software Engineering
Professionals frequently combine Semaphores with process control blocks to solve real problems.,Operating System
Register allocation assigns a limited number of physical registers to a larger set of program variables.,Compiler Design
Exam questions often test whether students can relate Recursive descent parsers to context free grammars.,Compiler Design
A strong grasp of Quality of service often makes it easier to later understand network congestion.,Networking
Some interview questions ask candidates to explain both Software architecture and requirements specifications.,Software Engineering
Textbooks commonly cover Syntax errors in the same chapter that introduces string concatenation.,Programming
Textbooks commonly cover Loops in the same chapter that introduces syntax errors.,Programming
A primary key uniquely identifies each record in a database table and cannot contain null values.,Database
Research papers have explored how Stakeholders interacts with software architecture in practice.,Software Engineering
Textbooks commonly cover Complex instruction set computing in the same chapter that introduces digital logic circuits.,Computer Architecture
Some interview questions ask candidates to explain both Zero day exploits and endpoint protection.,Cyber Security
Engineers who work with Arrays also frequently need to understand binary search trees.,Data Structure
Engineers who work with Virtual memory also frequently need to understand fragmentation.,Operating System
Lecture notes often introduce Antivirus software before moving on to public key infrastructure.,Cyber Security
A project involving Integration testing may also require careful handling of the spiral model.,Software Engineering
Exam questions often test whether students can relate The waterfall model to requirements gathering.,Software Engineering
A strong grasp of String concatenation often makes it easier to later understand operator overloading.,Programming
Textbooks commonly cover Process scheduling in the same chapter that introduces interrupt handling.,Operating System
Parser generators is sometimes compared with interpreters to highlight their key differences.,Compiler Design
Engineers who work with Tries also frequently need to understand array implementations.,Data Structure
Engineers who work with Symbol tables also frequently need to understand bottom up parsing.,Compiler Design
A cursor allows a program to iterate through the result set of a database query row by row.,Database
Professionals frequently combine Tokenization with LL parsers to solve real problems.,Compiler Design
A project involving Transactions may also require careful handling of SQL queries.,Database
A keylogger secretly records every keystroke a victim types in order to steal credentials.,Cyber Security
Lecture notes often introduce Spoofing attacks before moving on to malware.,Cyber Security
A project involving Lambda functions may also require careful handling of variables.,Programming
A project involving Real time operating systems may also require careful handling of boot loaders.,Operating System
A project involving Trojan horses may also require careful handling of cyber attacks.,Cyber Security
Engineers who work with ACID properties also frequently need to understand joins.,Database
Engineers who work with Firewalls also frequently need to understand spoofing attacks.,Cyber Security
Compilers is sometimes compared with grammar rules to highlight their key differences.,Compiler Design
Lecture notes often introduce Switches before moving on to ping utilities.,Networking
Textbooks commonly cover Real time operating systems in the same chapter that introduces interrupt handling.,Operating System
Research papers have explored how Database administrators interacts with entity relationship diagrams in practice.,Database
Engineers who work with Context switching also frequently need to understand thread management.,Operating System
Engineers who work with Network congestion also frequently need to understand network throughput.,Networking
Research papers have explored how Network topology interacts with the OSI model in practice.,Networking
Research papers have explored how Process control blocks interacts with boot loaders in practice.,Operating System
Fragmentation builds a useful foundation for later learning about spooling.,Operating System
A strong grasp of Wireless networking often makes it easier to later understand switches.,Networking
Use case diagrams is sometimes compared with refactoring to highlight their key differences.,Software Engineering
Professionals frequently combine Register allocation with grammar rules to solve real problems.,Compiler Design
Memory hierarchy is sometimes compared with microprocessors to highlight their key differences.,Computer Architecture
Recommendation systems builds a useful foundation for later learning about clustering.,Artificial Intelligence
Engineers who work with Requirements gathering also frequently need to understand refactoring.,Software Engineering
A strong grasp of Requirements specifications often makes it easier to later understand burndown charts.,Software Engineering
A project involving Malware may also require careful handling of cyber attacks.,Cyber Security
Lecture notes often introduce Tokenization before moving on to loop unrolling.,Compiler Design
Textbooks commonly cover Reinforcement learning in the same chapter that introduces gradient descent.,Artificial Intelligence
Bandwidth refers to the maximum rate of data transfer across a given network path.,Networking
A denial of service attack overwhelms a system with malicious traffic making it unavailable to legitimate users.,Cyber Security
A project involving Endpoint protection may also require careful handling of antivirus software.,Cyber Security
Research papers have explored how Process control blocks interacts with multitasking in practice.,Operating System
Textbooks commonly cover Dynamic typing in the same chapter that introduces compilers.,Programming
Stacks and heaps are both topics that appear frequently in advanced coursework.,Data Structure
Class constructors is sometimes compared with static typing to highlight their key differences.,Programming
Textbooks commonly cover Gradient descent in the same chapter that introduces genetic algorithms.,Artificial Intelligence
Exam questions often test whether students can relate Software maintenance to requirements gathering.,Software Engineering
Branch prediction guesses the outcome of a conditional instruction to keep the processor pipeline full.,Computer Architecture
Research papers have explored how Interpreters interacts with dead code elimination in practice.,Compiler Design
Exam questions often test whether students can relate Wireless networking to network interface cards.,Networking
A strong grasp of Encryption often makes it easier to later understand social engineering.,Cyber Security
Lecture notes often introduce Immutable data types before moving on to conditional statements.,Programming
Memory management builds a useful foundation for later learning about demand paging.,Operating System
File systems builds a useful foundation for later learning about schedulers.,Operating System
A subnet mask is used to divide an IP address into network and host portions.,Networking
Textbooks commonly cover Malware in the same chapter that introduces incident response.,Cyber Security
Professionals frequently combine Bluetooth with routers to solve real problems.,Networking
Textbooks commonly cover Register allocation in the same chapter that introduces bottom up parsing.,Compiler Design
Professionals frequently combine Interrupt handling with deadlocks to solve real problems.,Operating System
Professionals frequently combine Random access memory with superscalar architecture to solve real problems.,Computer Architecture
A project involving Pointers may also require careful handling of version control.,Programming
A strong grasp of Concurrency control often makes it easier to later understand views.,Database
Cursors builds a useful foundation for later learning about normalization.,Database
Composite keys is sometimes compared with data warehouses to highlight their key differences.,Database
Engineers who work with Intrusion detection also frequently need to understand penetration testing.,Cyber Security
Proxy servers builds a useful foundation for later learning about the TCP IP protocol.,Networking
Security incident response defines the procedures an organization follows immediately after a cyber attack is detected.,Cyber Security
Exam questions often test whether students can relate Kernels to multiprogramming.,Operating System
Engineers who work with Lambda functions also frequently need to understand inheritance.,Programming
Professionals frequently combine Relational tables with ACID properties to solve real problems.,Database
Research papers have explored how Use case diagrams interacts with scrum in practice.,Software Engineering
Concurrency control is sometimes compared with primary keys to highlight their key differences.,Database
Loop unrolling is an optimization technique that reduces loop overhead by duplicating the loop body.,Compiler Design
Professionals frequently combine Round robin scheduling with process synchronization to solve real problems.,Operating System
Exam questions often test whether students can relate Priority queues to heaps.,Data Structure
The instruction set architecture defines the set of instructions a processor can execute.,Computer Architecture
Exam questions often test whether students can relate NoSQL databases to views.,Database
Engineers who work with Interpreters also frequently need to understand finite automata.,Compiler Design
Exam questions often test whether students can relate Two factor authentication to denial of service attacks.,Cyber Security
Exam questions often test whether students can relate Skip lists to linked lists.,Data Structure
Referential integrity ensures that foreign key values always correspond to an existing primary key.,Database
Engineers who work with Zombie processes also frequently need to understand paging.,Operating System
Research papers have explored how Security audits interacts with endpoint protection in practice.,Cyber Security
Exam questions often test whether students can relate Bandwidth to network topology.,Networking
Research papers have explored how Quality assurance interacts with sprint retrospectives in practice.,Software Engineering
Lecture notes often introduce Backpropagation before moving on to transfer learning.,Artificial Intelligence
A project involving Query optimization may also require careful handling of transactions.,Database
A firewall acts as a barrier between a trusted internal network and untrusted external networks.,Cyber Security
Textbooks commonly cover Foreign keys in the same chapter that introduces primary keys.,Database
Professionals frequently combine Random access memory with microprocessors to solve real problems.,Computer Architecture
Packets is sometimes compared with routing tables to highlight their key differences.,Networking
A collision in a hash table occurs when two different keys map to the same index location.,Data Structure
Database schemas is sometimes compared with cursors to highlight their key differences.,Database
Some interview questions ask candidates to explain both Code optimization and loop unrolling.,Compiler Design
Some interview questions ask candidates to explain both Dynamic typing and multithreading.,Programming
Engineers who work with Penetration testing also frequently need to understand brute force attacks.,Cyber Security
Some interview questions ask candidates to explain both Two factor authentication and vulnerabilities.,Cyber Security
DNS is sometimes compared with network interface cards to highlight their key differences.,Networking
Textbooks commonly cover Central processing units in the same chapter that introduces hardwired control units.,Computer Architecture
Some interview questions ask candidates to explain both Encryption and keyloggers.,Cyber Security
Research papers have explored how System calls interacts with process scheduling in practice.,Operating System
Exam questions often test whether students can relate Parser generators to regular expressions.,Compiler Design
Wide area networks builds a useful foundation for later learning about load balancing.,Networking
Lecture notes often introduce Skip lists before moving on to circular queues.,Data Structure
Lecture notes often introduce Parser generators before moving on to top down parsing.,Compiler Design
Some interview questions ask candidates to explain both Chatbots and hyperparameter tuning.,Artificial Intelligence
Joins and database administrators are both topics that appear frequently in advanced coursework.,Database
Some interview questions ask candidates to explain both String concatenation and immutable data types.,Programming
Deep learning is sometimes compared with hyperparameter tuning to highlight their key differences.,Artificial Intelligence
Deep learning and backpropagation are both topics that appear frequently in advanced coursework.,Artificial Intelligence
Some interview questions ask candidates to explain both Event driven programming and modules.,Programming
Local area networks builds a useful foundation for later learning about network topology.,Networking
Some interview questions ask candidates to explain both Requirements specifications and regression testing.,Software Engineering
Lecture notes often introduce Scope resolution before moving on to semantic analysis.,Compiler Design
Some interview questions ask candidates to explain both Data warehouses and column oriented databases.,Database
Linked lists and priority queues are both topics that appear frequently in advanced coursework.,Data Structure
Scope resolution is sometimes compared with loop unrolling to highlight their key differences.,Compiler Design
Cross site scripting builds a useful foundation for later learning about denial of service attacks.,Cyber Security
A strong grasp of DNS often makes it easier to later understand load balancing.,Networking
A strong grasp of Referential integrity often makes it easier to later understand query optimization.,Database
Textbooks commonly cover Indexes in the same chapter that introduces database migrations.,Database
A project involving Genetic algorithms may also require careful handling of hyperparameter tuning.,Artificial Intelligence
A project involving Neural networks may also require careful handling of gradient descent.,Artificial Intelligence
Textbooks commonly cover Priority queues in the same chapter that introduces hash collisions.,Data Structure
Research papers have explored how Views interacts with stored procedures in practice.,Database
An entity relationship diagram visually represents tables and their relationships during database design.,Database
Engineers who work with Sentiment analysis also frequently need to understand transfer learning.,Artificial Intelligence
Lecture notes often introduce Thrashing before moving on to schedulers.,Operating System
Modems is sometimes compared with full duplex communication to highlight their key differences.,Networking
Natural language processing builds a useful foundation for later learning about transfer learning.,Artificial Intelligence
Professionals frequently combine Firewalls with zero day exploits to solve real problems.,Cyber Security
Professionals frequently combine Priority scheduling with process synchronization to solve real problems.,Operating System
Textbooks commonly cover Foreign keys in the same chapter that introduces transactions.,Database
Textbooks commonly cover Dynamic programming in the same chapter that introduces red black trees.,Data Structure
Lecture notes often introduce Requirements specifications before moving on to version control.,Software Engineering
Textbooks commonly cover Semaphores in the same chapter that introduces multiprogramming.,Operating System
A strong grasp of Security audits often makes it easier to later understand ransomware.,Cyber Security
An abstract syntax tree represents the hierarchical syntactic structure of source code.,Compiler Design
A project involving Malware may also require careful handling of multi layered defense.,Cyber Security
Professionals frequently combine Memory management with interrupt handling to solve real problems.,Operating System
Some interview questions ask candidates to explain both Dynamic typing and lambda functions.,Programming
Some interview questions ask candidates to explain both Binary search and binary trees.,Data Structure
A project involving Code generation may also require careful handling of regular expressions.,Compiler Design
Textbooks commonly cover Full duplex communication in the same chapter that introduces bandwidth.,Networking
Research papers have explored how Triggers interacts with joins in practice.,Database
Database migrations and composite keys are both topics that appear frequently in advanced coursework.,Database
Full duplex communication is sometimes compared with network congestion to highlight their key differences.,Networking
Lecture notes often introduce Deep learning before moving on to artificial neural networks.,Artificial Intelligence
Textbooks commonly cover Class constructors in the same chapter that introduces dynamic typing.,Programming
Some interview questions ask candidates to explain both Demand paging and thread management.,Operating System
A ping utility measures the round trip time it takes for a small packet to reach a remote host and return.,Networking
Professionals frequently combine Register allocation with dead code elimination to solve real problems.,Compiler Design
Algorithms is sometimes compared with arrays to highlight their key differences.,Programming
Research papers have explored how Modems interacts with the TCP IP protocol in practice.,Networking
Ensemble learning combines predictions from multiple models to produce a more accurate overall result.,Artificial Intelligence
Data breach incidents occur when confidential information is accessed or stolen without authorization.,Cyber Security
Lecture notes often introduce Subnet masks before moving on to latency.,Networking
Lecture notes often introduce Amortized analysis before moving on to tries.,Data Structure
Some interview questions ask candidates to explain both Network congestion and network throughput.,Networking
A project involving Wide area networks may also require careful handling of network address translation.,Networking
Some interview questions ask candidates to explain both Quality of service and full duplex communication.,Networking
A strong grasp of Register allocation often makes it easier to later understand interpreters.,Compiler Design
Red black trees and binary search trees are both topics that appear frequently in advanced coursework.,Data Structure
Engineers who work with Deadlocks also frequently need to understand process synchronization.,Operating System
Central processing units builds a useful foundation for later learning about pipelining.,Computer Architecture
Fiber optic cables builds a useful foundation for later learning about network congestion.,Networking
Engineers who work with LR parsers also frequently need to understand compilers.,Compiler Design
Engineers who work with Activation functions also frequently need to understand chatbots.,Artificial Intelligence
A strong grasp of Intrusion detection often makes it easier to later understand social engineering.,Cyber Security
Textbooks commonly cover Array implementations in the same chapter that introduces balanced trees.,Data Structure
Scrum is an agile framework that organizes work into fixed length iterations called sprints.,Software Engineering
Lecture notes often introduce Denial of service attacks before moving on to encryption.,Cyber Security
Textbooks commonly cover Multiprogramming in the same chapter that introduces file systems.,Operating System
A recommendation system predicts items a user is likely to prefer based on past behavior and preferences.,Artificial Intelligence
Some interview questions ask candidates to explain both Ransomware and antivirus software.,Cyber Security
Textbooks commonly cover Digital logic circuits in the same chapter that introduces instruction level parallelism.,Computer Architecture
String concatenation is sometimes compared with lambda functions to highlight their key differences.,Programming
A project involving Feasibility studies may also require careful handling of requirements elicitation.,Software Engineering
Lecture notes often introduce Penetration testing before moving on to honeypots.,Cyber Security
Schedulers builds a useful foundation for later learning about multiprogramming.,Operating System
Some interview questions ask candidates to explain both Full duplex communication and the HTTP protocol.,Networking
Exam questions often test whether students can relate Compilers to debugging.,Programming
A project involving Time complexity may also require careful handling of doubly linked lists.,Data Structure
An operating system scheduler decides which ready process in memory gets access to the CPU next.,Operating System
Burndown charts is sometimes compared with the software development life cycle to highlight their key differences.,Software Engineering
Fragmentation and spooling are both topics that appear frequently in advanced coursework.,Operating System
Lecture notes often introduce Vulnerabilities before moving on to denial of service attacks.,Cyber Security
Exam questions often test whether students can relate Firewalls to phishing.,Cyber Security
Garbage collection is sometimes compared with event driven programming to highlight their key differences.,Programming
Textbooks commonly cover Technical debt in the same chapter that introduces continuous integration.,Software Engineering
Engineers who work with LR parsers also frequently need to understand interpreters.,Compiler Design
A project involving Binary search may also require careful handling of queues.,Data Structure
Some interview questions ask candidates to explain both Requirements specifications and design patterns.,Software Engineering
Professionals frequently combine Firewalls with brute force attacks to solve real problems.,Cyber Security
Lecture notes often introduce Addressing modes before moving on to cache misses.,Computer Architecture
Some interview questions ask candidates to explain both Type casting and version control.,Programming
Engineers who work with Network throughput also frequently need to understand bandwidth.,Networking
A project involving Security audits may also require careful handling of vulnerabilities.,Cyber Security
Exam questions often test whether students can relate Data warehouses to referential integrity.,Database
A queue is a linear data structure that follows the first in first out principle.,Data Structure
Some interview questions ask candidates to explain both Immutable data types and algorithms.,Programming
Textbooks commonly cover Views in the same chapter that introduces replication.,Database
A project involving Buses may also require careful handling of branch prediction.,Computer Architecture
Some interview questions ask candidates to explain both Central processing units and harvard architecture.,Computer Architecture
A project involving SQL injection may also require careful handling of antivirus software.,Cyber Security
Lecture notes often introduce Red black trees before moving on to linked list implementations.,Data Structure
Demand paging loads pages of a process into memory only when they are actually needed during execution.,Operating System
Syntax errors builds a useful foundation for later learning about garbage collection.,Programming
Lecture notes often introduce Database schemas before moving on to object relational mapping.,Database
A strong grasp of Ransomware often makes it easier to later understand trojan horses.,Cyber Security
A project involving Real time operating systems may also require careful handling of mutual exclusion.,Operating System
A strong grasp of Ransomware often makes it easier to later understand malware.,Cyber Security
Quality of service settings prioritize certain types of network traffic such as video calls over other data.,Networking
Integration testing and requirements gathering are both topics that appear frequently in advanced coursework.,Software Engineering
Lecture notes often introduce Computer vision before moving on to overfitting.,Artificial Intelligence
Engineers who work with Denormalization also frequently need to understand NoSQL databases.,Database
Lecture notes often introduce Database administrators before moving on to database views.,Database
Exam questions often test whether students can relate Chatbots to recurrent neural networks.,Artificial Intelligence
Research papers have explored how Stored procedures interacts with database migrations in practice.,Database
A strong grasp of The TCP IP protocol often makes it easier to later understand DHCP.,Networking
Professionals frequently combine Class constructors with version control to solve real problems.,Programming
Research papers have explored how Process synchronization interacts with process scheduling in practice.,Operating System
Engineers who work with Real time operating systems also frequently need to understand thread management.,Operating System
Grammar rules is sometimes compared with symbol tables to highlight their key differences.,Compiler Design
A project involving Multithreading may also require careful handling of static typing.,Programming
A project involving Network address translation may also require careful handling of quality of service.,Networking
"Immutable data types cannot be changed after they are created, such as tuples in Python.",Programming
A project involving The TCP IP protocol may also require careful handling of quality of service.,Networking
A project involving Composite keys may also require careful handling of database administrators.,Database
An LR parser reads input from left to right and constructs a rightmost derivation in reverse.,Compiler Design
Access control restricts who can view or use sensitive resources based on defined security policies.,Cyber Security
Some interview questions ask candidates to explain both Closures and multithreading.,Programming
Digital signatures is sometimes compared with encryption to highlight their key differences.,Cyber Security
Some interview questions ask candidates to explain both Superscalar architecture and reduced instruction set computing.,Computer Architecture
Unit testing builds a useful foundation for later learning about the waterfall model.,Software Engineering
Exam questions often test whether students can relate Trojan horses to malware.,Cyber Security
Professionals frequently combine Backup and recovery with indexes to solve real problems.,Database
Engineers who work with Query optimization also frequently need to understand stored procedures.,Database
Exam questions often test whether students can relate Cache memory to buses.,Computer Architecture
Some interview questions ask candidates to explain both Heaps and circular queues.,Data Structure
Some interview questions ask candidates to explain both Replication and entity relationship diagrams.,Database
Scope resolution during compilation determines which declaration a given identifier reference refers to.,Compiler Design
Professionals frequently combine System calls with spooling to solve real problems.,Operating System
Top down parsing builds the parse tree from the root down to the leaves of the syntax tree.,Compiler Design
Binary search is sometimes compared with array implementations to highlight their key differences.,Data Structure
Engineers who work with Query optimization also frequently need to understand database schemas.,Database
Some interview questions ask candidates to explain both Graph algorithms and doubly linked lists.,Data Structure
Lecture notes often introduce Version control before moving on to command line arguments.,Programming
A project involving Software testing may also require careful handling of quality assurance.,Software Engineering
Research papers have explored how Ensemble learning interacts with chatbots in practice.,Artificial Intelligence
Bluetooth builds a useful foundation for later learning about DHCP.,Networking
Exam questions often test whether students can relate Software prototyping to agile methodology.,Software Engineering
A project involving Database migrations may also require careful handling of object relational mapping.,Database
Professionals frequently combine Full duplex communication with local area networks to solve real problems.,Networking
Research papers have explored how Binary trees interacts with priority queues in practice.,Data Structure
Lecture notes often introduce Segmentation before moving on to real time operating systems.,Operating System
Round robin scheduling and virtual memory are both topics that appear frequently in advanced coursework.,Operating System
Compilers and bottom up parsing are both topics that appear frequently in advanced coursework.,Compiler Design
Lecture notes often introduce Event driven programming before moving on to version control.,Programming
A project involving Regression testing may also require careful handling of use case diagrams.,Software Engineering
A project involving Expert systems may also require careful handling of decision trees.,Artificial Intelligence
A strong grasp of Continuous integration often makes it easier to later understand quality assurance.,Software Engineering
Engineers who work with Demand paging also frequently need to understand device drivers.,Operating System
Research papers have explored how Security patches interacts with trojan horses in practice.,Cyber Security
Engineers who work with Vulnerabilities also frequently need to understand security audits.,Cyber Security
Exam questions often test whether students can relate Linked lists to hash tables.,Data Structure
The OSI model divides network communication into seven distinct layers from physical to application.,Networking
Peephole optimization is sometimes compared with macro preprocessors to highlight their key differences.,Compiler Design
Lexical analyzers use finite automata to recognize patterns and generate tokens from source code.,Compiler Design
A project involving Neural networks may also require careful handling of activation functions.,Artificial Intelligence
Exam questions often test whether students can relate Database administrators to composite keys.,Database
Arrays is sometimes compared with array implementations to highlight their key differences.,Data Structure
Some interview questions ask candidates to explain both Scope resolution and abstract syntax trees.,Compiler Design
Exam questions often test whether students can relate Priority scheduling to thread management.,Operating System
Lecture notes often introduce Three address code before moving on to syntax analysis.,Compiler Design
Textbooks commonly cover Sorting algorithms in the same chapter that introduces graphs.,Data Structure
Textbooks commonly cover Linked lists in the same chapter that introduces queues.,Data Structure
A project involving Round robin scheduling may also require careful handling of device drivers.,Operating System
Integration testing verifies that different modules of a software system work correctly together.,Software Engineering
A trigger automatically executes a set of actions when a specified event occurs on a database table.,Database
Textbooks commonly cover Parser generators in the same chapter that introduces register allocation.,Compiler Design
Engineers who work with Queues also frequently need to understand linked list implementations.,Data Structure
Zombie processes is sometimes compared with thrashing to highlight their key differences.,Operating System
A strong grasp of Inheritance often makes it easier to later understand command line arguments.,Programming
Exam questions often test whether students can relate Red black trees to queues.,Data Structure
A strong grasp of Dynamic programming often makes it easier to later understand priority queues.,Data Structure
Professionals frequently combine Incident response with keyloggers to solve real problems.,Cyber Security
Professionals frequently combine Design patterns with requirements gathering to solve real problems.,Software Engineering
A strong grasp of Security patches often makes it easier to later understand security audits.,Cyber Security
Shells and paging are both topics that appear frequently in advanced coursework.,Operating System
Some interview questions ask candidates to explain both Class constructors and garbage collection.,Programming
Lecture notes often introduce Local area networks before moving on to the TCP IP protocol.,Networking
"A database administrator manages user access, backups, and performance tuning for a database system.",Database
Research papers have explored how Relational tables interacts with object relational mapping in practice.,Database
Exam questions often test whether students can relate Real time operating systems to multiprogramming.,Operating System
Professionals frequently combine Incident response with trojan horses to solve real problems.,Cyber Security
Some interview questions ask candidates to explain both Mutual exclusion and process synchronization.,Operating System
A use case diagram documents the interactions between users and a software system during requirements analysis.,Software Engineering
A strong grasp of Digital signatures often makes it easier to later understand public key infrastructure.,Cyber Security
A strong grasp of Software architecture often makes it easier to later understand project management.,Software Engineering
A project involving Transfer learning may also require careful handling of convolutional neural networks.,Artificial Intelligence
Research papers have explored how Recommendation systems interacts with reinforcement learning in practice.,Artificial Intelligence
A project involving Firmware may also require careful handling of multicore processors.,Computer Architecture
Lecture notes often introduce Real time operating systems before moving on to thrashing.,Operating System
A strong grasp of Top down parsing often makes it easier to later understand LL parsers.,Compiler Design
Lecture notes often introduce Recursion before moving on to class constructors.,Programming
Research papers have explored how Database administrators interacts with foreign keys in practice.,Database
Lecture notes often introduce Graphs before moving on to binary trees.,Data Structure
A strong grasp of LR parsers often makes it easier to later understand compilers.,Compiler Design
A generative adversarial network uses two competing neural networks to generate realistic synthetic data.,Artificial Intelligence
Linked list implementations builds a useful foundation for later learning about hash collisions.,Data Structure
Denormalization and sharding are both topics that appear frequently in advanced coursework.,Database
Lecture notes often introduce Neural networks before moving on to chatbots.,Artificial Intelligence
Lecture notes often introduce Data breaches before moving on to security audits.,Cyber Security
Some interview questions ask candidates to explain both Wide area networks and network address translation.,Networking
Textbooks commonly cover Command line arguments in the same chapter that introduces garbage collection.,Programming
Research papers have explored how Requirements elicitation interacts with refactoring in practice.,Software Engineering
Textbooks commonly cover Routers in the same chapter that introduces the HTTP protocol.,Networking
"A microcontroller integrates a processor, memory, and input output peripherals onto a single chip.",Computer Architecture
Professionals frequently combine Shells with round robin scheduling to solve real problems.,Operating System
A strong grasp of Parser generators often makes it easier to later understand syntax analysis.,Compiler Design
Syntax analysis and three address code are both topics that appear frequently in advanced coursework.,Compiler Design
Garbage collection automatically frees memory that is no longer referenced by any part of a program.,Programming
Lecture notes often introduce Neural networks before moving on to backpropagation.,Artificial Intelligence
Exam questions often test whether students can relate Regular expressions to code optimization.,Compiler Design
Lecture notes often introduce Random access memory before moving on to harvard architecture.,Computer Architecture
Lecture notes often introduce Exception handling before moving on to syntax errors.,Programming
Multitasking is sometimes compared with virtual memory to highlight their key differences.,Operating System
Tries builds a useful foundation for later learning about time complexity.,Data Structure
Research papers have explored how Intrusion detection interacts with vulnerabilities in practice.,Cyber Security
A strong grasp of Fiber optic cables often makes it easier to later understand network interface cards.,Networking
Some interview questions ask candidates to explain both Buses and multicore processors.,Computer Architecture
A strong grasp of Instruction set architecture often makes it easier to later understand addressing modes.,Computer Architecture
Professionals frequently combine Two factor authentication with multi layered defense to solve real problems.,Cyber Security
Peephole optimization builds a useful foundation for later learning about LL parsers.,Compiler Design
Instruction set architecture builds a useful foundation for later learning about von neumann architecture.,Computer Architecture
Some interview questions ask candidates to explain both Incident response and access control.,Cyber Security
Macro preprocessors and abstract syntax trees are both topics that appear frequently in advanced coursework.,Compiler Design
Clustering builds a useful foundation for later learning about gradient descent.,Artificial Intelligence
Textbooks commonly cover Linked list implementations in the same chapter that introduces tries.,Data Structure
Textbooks commonly cover The spiral model in the same chapter that introduces quality assurance.,Software Engineering
A strong grasp of Abstract syntax trees often makes it easier to later understand code optimization.,Compiler Design
Software maintenance involves modifying a software product after delivery to fix issues or add features.,Software Engineering
The waterfall model is sometimes compared with design patterns to highlight their key differences.,Software Engineering
Sharding is sometimes compared with stored procedures to highlight their key differences.,Database
Textbooks commonly cover Segmentation in the same chapter that introduces process control blocks.,Operating System
Engineers who work with Software maintenance also frequently need to understand use case diagrams.,Software Engineering
Binary search trees is sometimes compared with hash collisions to highlight their key differences.,Data Structure
Research papers have explored how Inheritance interacts with modules in practice.,Programming
Object relational mapping and query optimization are both topics that appear frequently in advanced coursework.,Database
Professionals frequently combine Depth first search with binary trees to solve real problems.,Data Structure
A strong grasp of Multiprogramming often makes it easier to later understand round robin scheduling.,Operating System
Design patterns are reusable solutions to commonly occurring problems in software design.,Software Engineering
A strong grasp of Algorithms often makes it easier to later understand class constructors.,Programming
Multicore processors is sometimes compared with instruction level parallelism to highlight their key differences.,Computer Architecture
Textbooks commonly cover Quality assurance in the same chapter that introduces continuous integration.,Software Engineering
Exam questions often test whether students can relate Transactions to database views.,Database
Research papers have explored how Phishing interacts with data breaches in practice.,Cyber Security
Research papers have explored how Artificial neural networks interacts with neural networks in practice.,Artificial Intelligence
Feasibility studies and refactoring are both topics that appear frequently in advanced coursework.,Software Engineering
Research papers have explored how Local area networks interacts with bandwidth in practice.,Networking
Exam questions often test whether students can relate Composite keys to joins.,Database
Engineers who work with Normalization also frequently need to understand primary keys.,Database
Engineers who work with Denial of service attacks also frequently need to understand intrusion detection.,Cyber Security
Exam questions often test whether students can relate Memory hierarchy to parallel processing.,Computer Architecture
Textbooks commonly cover Immutable data types in the same chapter that introduces dynamic typing.,Programming
Garbage collection and lambda functions are both topics that appear frequently in advanced coursework.,Programming
Some interview questions ask candidates to explain both ACID properties and backup and recovery.,Database
Lecture notes often introduce Activation functions before moving on to expert systems.,Artificial Intelligence
Some interview questions ask candidates to explain both Natural language processing and expert systems.,Artificial Intelligence
A strong grasp of Artificial neural networks often makes it easier to later understand activation functions.,Artificial Intelligence
Transfer learning and artificial neural networks are both topics that appear frequently in advanced coursework.,Artificial Intelligence
Textbooks commonly cover Ensemble learning in the same chapter that introduces recurrent neural networks.,Artificial Intelligence
A digital signature verifies the authenticity and integrity of a message using public key cryptography.,Cyber Security
Lecture notes often introduce Scope resolution before moving on to register allocation.,Compiler Design
Type casting builds a useful foundation for later learning about variables.,Programming
The arithmetic logic unit performs mathematical and logical operations within the processor.,Computer Architecture
Lecture notes often introduce Concurrency control before moving on to normalization.,Database
Indexes and SQL queries are both topics that appear frequently in advanced coursework.,Database
Clock speed and instruction level parallelism are both topics that appear frequently in advanced coursework.,Computer Architecture
An algorithm is a step by step procedure designed to perform a specific task or solve a problem.,Programming
Textbooks commonly cover Wireless networking in the same chapter that introduces DNS.,Networking
Textbooks commonly cover Adjacency matrices in the same chapter that introduces array implementations.,Data Structure
Generative adversarial networks builds a useful foundation for later learning about speech recognition.,Artificial Intelligence
A strong grasp of Inheritance often makes it easier to later understand debugging.,Programming
A project involving Deep learning may also require careful handling of confusion matrices.,Artificial Intelligence
A project involving Quality of service may also require careful handling of network topology.,Networking
Lecture notes often introduce Unit testing before moving on to interpreters.,Programming
A strong grasp of Heaps often makes it easier to later understand circular queues.,Data Structure
Access control builds a useful foundation for later learning about multi layered defense.,Cyber Security
An adjacency matrix represents graph connections using a two dimensional array of zeros and ones.,Data Structure
Professionals frequently combine Context switching with file systems to solve real problems.,Operating System
Queues and linked list implementations are both topics that appear frequently in advanced coursework.,Data Structure
A strong grasp of Digital logic circuits often makes it easier to later understand instruction level parallelism.,Computer Architecture
Bluetooth is a short range wireless technology used for connecting peripheral devices to a computer or phone.,Networking
Research papers have explored how Linked list implementations interacts with tries in practice.,Data Structure
Professionals frequently combine Two factor authentication with spoofing attacks to solve real problems.,Cyber Security
"Segmentation divides a program into logically distinct sections such as code, data, and stack for memory management.",Operating System
Referential integrity is sometimes compared with SQL queries to highlight their key differences.,Database
Engineers who work with Expert systems also frequently need to understand artificial neural networks.,Artificial Intelligence
Research papers have explored how Supervised learning interacts with neural networks in practice.,Artificial Intelligence
Professionals frequently combine Relational tables with database migrations to solve real problems.,Database
Reinforcement learning builds a useful foundation for later learning about expert systems.,Artificial Intelligence
Lecture notes often introduce Red black trees before moving on to sorting algorithms.,Data Structure
Lecture notes often introduce Code generation before moving on to register allocation.,Compiler Design
Some interview questions ask candidates to explain both Spoofing attacks and penetration testing.,Cyber Security
A honeypot is a decoy system deliberately exposed to attract and study attacker behavior.,Cyber Security
Parallel processing and multicore processors are both topics that appear frequently in advanced coursework.,Computer Architecture
Thread management allows an operating system to execute multiple threads within a single process.,Operating System
Research papers have explored how Two factor authentication interacts with encryption in practice.,Cyber Security
Requirements elicitation builds a useful foundation for later learning about software prototyping.,Software Engineering
Professionals frequently combine Proxy servers with local area networks to solve real problems.,Networking
A strong grasp of Latency often makes it easier to later understand routing tables.,Networking
Professionals frequently combine Firewalls with cross site scripting to solve real problems.,Cyber Security
Exam questions often test whether students can relate Tries to graph algorithms.,Data Structure
A strong grasp of Malware often makes it easier to later understand two factor authentication.,Cyber Security
Some interview questions ask candidates to explain both Data warehouses and database administrators.,Database
Professionals frequently combine LR parsers with finite automata to solve real problems.,Compiler Design
Professionals frequently combine Bluetooth with DNS to solve real problems.,Networking
Convolutional neural networks and ensemble learning are both topics that appear frequently in advanced coursework.,Artificial Intelligence
Textbooks commonly cover Paging in the same chapter that introduces context switching.,Operating System
Research papers have explored how Gradient descent interacts with supervised learning in practice.,Artificial Intelligence
Research papers have explored how Breadth first search interacts with tries in practice.,Data Structure
Professionals frequently combine Doubly linked lists with sorting algorithms to solve real problems.,Data Structure
Textbooks commonly cover Instruction set architecture in the same chapter that introduces cache memory.,Computer Architecture
Exam questions often test whether students can relate Thrashing to memory management.,Operating System
Textbooks commonly cover Register allocation in the same chapter that introduces peephole optimization.,Compiler Design
A project involving Sorting algorithms may also require careful handling of graphs.,Data Structure
Overclocking builds a useful foundation for later learning about registers.,Computer Architecture
Engineers who work with Adjacency matrices also frequently need to understand stacks.,Data Structure
Engineers who work with Version control also frequently need to understand integration testing.,Software Engineering
Exam questions often test whether students can relate Genetic algorithms to reinforcement learning.,Artificial Intelligence
Lecture notes often introduce Security patches before moving on to malware.,Cyber Security
Textbooks commonly cover Code review in the same chapter that introduces software testing.,Software Engineering
Professionals frequently combine Event driven programming with type casting to solve real problems.,Programming
The spiral model combines iterative development with systematic risk analysis at each phase of a project.,Software Engineering
Some interview questions ask candidates to explain both Thread management and zombie processes.,Operating System
Research papers have explored how Requirements gathering interacts with unit testing in practice.,Software Engineering
A strong grasp of Software prototyping often makes it easier to later understand continuous integration.,Software Engineering
Textbooks commonly cover The software development life cycle in the same chapter that introduces software testing.,Software Engineering
Composite keys and sharding are both topics that appear frequently in advanced coursework.,Database
A strong grasp of The waterfall model often makes it easier to later understand scrum.,Software Engineering
Research papers have explored how Supervised learning interacts with gradient descent in practice.,Artificial Intelligence
Textbooks commonly cover Access control in the same chapter that introduces ransomware.,Cyber Security
Some interview questions ask candidates to explain both Finite automata and bottom up parsing.,Compiler Design
A project involving Firmware may also require careful handling of control units.,Computer Architecture
Lecture notes often introduce Denial of service attacks before moving on to honeypots.,Cyber Security
Agile methodology and the spiral model are both topics that appear frequently in advanced coursework.,Software Engineering
Engineers who work with Deadlocks also frequently need to understand device drivers.,Operating System
Some interview questions ask candidates to explain both Recommendation systems and generative adversarial networks.,Artificial Intelligence
Some interview questions ask candidates to explain both Reduced instruction set computing and clock speed.,Computer Architecture
Dead code elimination builds a useful foundation for later learning about macro preprocessors.,Compiler Design
Professionals frequently combine Recursion with compilers to solve real problems.,Programming
Professionals frequently combine Variables with recursion to solve real problems.,Programming
Textbooks commonly cover Cache misses in the same chapter that introduces microcontrollers.,Computer Architecture
Professionals frequently combine Entity relationship diagrams with triggers to solve real problems.,Database
Lecture notes often introduce Cache misses before moving on to von neumann architecture.,Computer Architecture
A project involving Network interface cards may also require careful handling of the OSI model.,Networking
Lambda functions is sometimes compared with multithreading to highlight their key differences.,Programming
Requirements gathering involves collecting and documenting what stakeholders expect from a software system.,Software Engineering
Lecture notes often introduce Dynamic typing before moving on to garbage collection.,Programming
Microcontrollers builds a useful foundation for later learning about buses.,Computer Architecture
Engineers who work with Proxy servers also frequently need to understand ethernet.,Networking
Bottom up parsing builds the parse tree starting from the leaves and working up to the root.,Compiler Design
Event driven programming and version control are both topics that appear frequently in advanced coursework.,Programming
Some interview questions ask candidates to explain both Macro preprocessors and semantic analysis.,Compiler Design
Multiprogramming allows multiple programs to reside in memory and share the CPU efficiently.,Operating System
Lecture notes often introduce Thrashing before moving on to process synchronization.,Operating System
A sprint retrospective is a meeting held at the end of an agile iteration to reflect on what went well.,Software Engineering
Textbooks commonly cover Clustering in the same chapter that introduces deep learning.,Artificial Intelligence
Professionals frequently combine Network address translation with modems to solve real problems.,Networking
Research papers have explored how Conditional statements interacts with interpreters in practice.,Programming
Textbooks commonly cover Register allocation in the same chapter that introduces syntax analysis.,Compiler Design
Professionals frequently combine Multicore processors with hardwired control units to solve real problems.,Computer Architecture
A project involving Circular queues may also require careful handling of hash tables.,Data Structure
Natural language processing allows computers to understand interpret and generate human language.,Artificial Intelligence
Exam questions often test whether students can relate Semantic analysis to lexical analysis.,Compiler Design
A project involving Data warehouses may also require careful handling of database migrations.,Database
Unit tests written in code verify that individual functions behave correctly for given inputs.,Programming
Closures builds a useful foundation for later learning about recursion.,Programming
Research papers have explored how Loop unrolling interacts with register allocation in practice.,Compiler Design
A strong grasp of Clustering often makes it easier to later understand neural networks.,Artificial Intelligence
Engineers who work with Database administrators also frequently need to understand composite keys.,Database
An operating system manages computer hardware and software resources and provides services to programs.,Operating System
Operator overloading and loops are both topics that appear frequently in advanced coursework.,Programming
Load balancing distributes incoming network traffic across multiple servers to prevent any single server from being overwhelmed.,Networking
Lecture notes often introduce Backpropagation before moving on to unsupervised learning.,Artificial Intelligence
A strong grasp of Binary search often makes it easier to later understand stacks.,Data Structure
A macro preprocessor expands shorthand code definitions before the main compilation phases begin.,Compiler Design
Hash collisions builds a useful foundation for later learning about linked list implementations.,Data Structure
A strong grasp of Agile methodology often makes it easier to later understand unit testing.,Software Engineering
Some interview questions ask candidates to explain both Context free grammars and interpreters.,Compiler Design
Engineers who work with Mutual exclusion also frequently need to understand round robin scheduling.,Operating System
Code optimization builds a useful foundation for later learning about interpreters.,Compiler Design
Exam questions often test whether students can relate Gradient descent to recommendation systems.,Artificial Intelligence
Lecture notes often introduce Garbage collection before moving on to variables.,Programming
Polymorphism builds a useful foundation for later learning about unit testing.,Programming
Concurrency control and database administrators are both topics that appear frequently in advanced coursework.,Database
A project involving Fragmentation may also require careful handling of demand paging.,Operating System
Lecture notes often introduce Software testing before moving on to requirements specifications.,Software Engineering
Professionals frequently combine Concurrency control with backup and recovery to solve real problems.,Database
Professionals frequently combine Intrusion detection with cyber attacks to solve real problems.,Cyber Security
Query optimization is sometimes compared with sharding to highlight their key differences.,Database
A composite key uses two or more columns together to uniquely identify a row in a table.,Database
Closures is sometimes compared with inheritance to highlight their key differences.,Programming
Some interview questions ask candidates to explain both Debugging and unit testing.,Programming
Context free grammars is sometimes compared with type checking to highlight their key differences.,Compiler Design
Research papers have explored how Access control interacts with SQL injection in practice.,Cyber Security
Dynamic typing builds a useful foundation for later learning about closures.,Programming
Antivirus software builds a useful foundation for later learning about ransomware.,Cyber Security
Textbooks commonly cover Bus width in the same chapter that introduces overclocking.,Computer Architecture
Textbooks commonly cover Bottom up parsing in the same chapter that introduces shift reduce parsers.,Compiler Design
Exam questions often test whether students can relate Round robin scheduling to real time operating systems.,Operating System
Some interview questions ask candidates to explain both Addressing modes and firmware.,Computer Architecture
Professionals frequently combine Quality of service with proxy servers to solve real problems.,Networking
Some interview questions ask candidates to explain both Keyloggers and multi layered defense.,Cyber Security
Research papers have explored how Instruction level parallelism interacts with instruction set architecture in practice.,Computer Architecture
Engineers who work with Reinforcement learning also frequently need to understand transfer learning.,Artificial Intelligence
Digital signatures and cyber attacks are both topics that appear frequently in advanced coursework.,Cyber Security
Clustering groups similar data points together without relying on predefined category labels.,Artificial Intelligence
Loop unrolling is sometimes compared with context free grammars to highlight their key differences.,Compiler Design
A priority queue serves elements based on their priority value rather than their insertion order.,Data Structure
A project involving Requirements gathering may also require careful handling of feasibility studies.,Software Engineering
A strong grasp of Deadlocks often makes it easier to later understand process control blocks.,Operating System
Firmware is low level software permanently programmed into hardware to control basic device operations.,Computer Architecture
A project involving Recursive descent parsers may also require careful handling of symbol tables.,Compiler Design
A strong grasp of Arrays often makes it easier to later understand operator overloading.,Programming
Engineers who work with Three address code also frequently need to understand intermediate code.,Compiler Design
Exam questions often test whether students can relate Encryption to endpoint protection.,Cyber Security
Engineers who work with Triggers also frequently need to understand foreign keys.,Database
An LL parser reads input from left to right and constructs a leftmost derivation of the grammar.,Compiler Design
Research papers have explored how Pair programming interacts with requirements specifications in practice.,Software Engineering
A project involving Wide area networks may also require careful handling of the TCP IP protocol.,Networking
A shift reduce parser uses a stack to decide whether to shift a token or reduce a grammar rule.,Compiler Design
Engineers who work with Inheritance also frequently need to understand variables.,Programming
NoSQL databases builds a useful foundation for later learning about transactions.,Database
Agile methodology emphasizes iterative development collaboration and flexibility in software projects.,Software Engineering
Spooling allows multiple print jobs to be queued and processed by a printer without conflicting with each other.,Operating System
Confusion matrices builds a useful foundation for later learning about sentiment analysis.,Artificial Intelligence
Tokenization and shift reduce parsers are both topics that appear frequently in advanced coursework.,Compiler Design
Engineers who work with Arithmetic logic units also frequently need to understand branch prediction.,Computer Architecture
Von Neumann architecture uses a single memory space to store both instructions and data.,Computer Architecture
Research papers have explored how Thread management interacts with system calls in practice.,Operating System
Process scheduling determines the order in which processes access the CPU for execution.,Operating System
Engineers who work with Activation functions also frequently need to understand decision trees.,Artificial Intelligence
Lecture notes often introduce Routing tables before moving on to network address translation.,Networking
Research papers have explored how Design patterns interacts with agile methodology in practice.,Software Engineering
Lecture notes often introduce Local area networks before moving on to DHCP.,Networking
Deadlocks builds a useful foundation for later learning about priority scheduling.,Operating System
Encryption converts readable data into an encoded format that can only be read with a decryption key.,Cyber Security
Research papers have explored how Binary search interacts with adjacency matrices in practice.,Data Structure
Some interview questions ask candidates to explain both Variables and class constructors.,Programming
Engineers who work with ACID properties also frequently need to understand referential integrity.,Database
A project involving Natural language processing may also require careful handling of reinforcement learning.,Artificial Intelligence
Engineers who work with Convolutional neural networks also frequently need to understand deep learning.,Artificial Intelligence
A strong grasp of Bandwidth often makes it easier to later understand quality of service.,Networking
Kernels is sometimes compared with fragmentation to highlight their key differences.,Operating System
Engineers who work with Macro preprocessors also frequently need to understand peephole optimization.,Compiler Design
Engineers who work with Digital logic circuits also frequently need to understand branch prediction.,Computer Architecture
Some interview questions ask candidates to explain both Instruction level parallelism and multicore processors.,Computer Architecture
Research papers have explored how Reinforcement learning interacts with unsupervised learning in practice.,Artificial Intelligence
Textbooks commonly cover Primary keys in the same chapter that introduces database migrations.,Database
A project involving Von neumann architecture may also require careful handling of microcontrollers.,Computer Architecture
Textbooks commonly cover Database views in the same chapter that introduces stored procedures.,Database
Supervised learning uses labeled training data to learn a mapping from inputs to outputs.,Artificial Intelligence
Lecture notes often introduce Vulnerabilities before moving on to keyloggers.,Cyber Security
Some interview questions ask candidates to explain both Time complexity and breadth first search.,Data Structure
Research papers have explored how Routing tables interacts with load balancing in practice.,Networking
A project involving Expert systems may also require careful handling of ensemble learning.,Artificial Intelligence
Lecture notes often introduce Microcontrollers before moving on to branch prediction.,Computer Architecture
A project involving Lexical analysis may also require careful handling of scope resolution.,Compiler Design
Multitasking and deadlocks are both topics that appear frequently in advanced coursework.,Operating System
Textbooks commonly cover Exception handling in the same chapter that introduces algorithms.,Programming
DHCP automatically assigns IP addresses to devices when they join a network.,Networking
An object relational mapper lets developers interact with a database using programming language objects instead of raw SQL.,Database
Engineers who work with Clock speed also frequently need to understand memory hierarchy.,Computer Architecture
Lecture notes often introduce Memory hierarchy before moving on to arithmetic logic units.,Computer Architecture
Priority scheduling assigns each process a priority level that determines its position in the execution queue.,Operating System
Dead code elimination is sometimes compared with bottom up parsing to highlight their key differences.,Compiler Design
Complex instruction set computing allows a single instruction to perform multiple low level operations.,Computer Architecture
Research papers have explored how Indexes interacts with concurrency control in practice.,Database
The software development life cycle defines the phases involved in building software applications.,Software Engineering
A project involving Parallel processing may also require careful handling of firmware.,Computer Architecture
Project management is sometimes compared with the waterfall model to highlight their key differences.,Software Engineering
Engineers who work with Encryption also frequently need to understand phishing.,Cyber Security
Exam questions often test whether students can relate Overclocking to cache misses.,Computer Architecture
Professionals frequently combine Requirements specifications with requirements gathering to solve real problems.,Software Engineering
Requirements elicitation and software testing are both topics that appear frequently in advanced coursework.,Software Engineering
Supervised learning builds a useful foundation for later learning about neural networks.,Artificial Intelligence
A project involving Network topology may also require careful handling of wide area networks.,Networking
Research papers have explored how Two factor authentication interacts with penetration testing in practice.,Cyber Security
Textbooks commonly cover Process control blocks in the same chapter that introduces demand paging.,Operating System
Research papers have explored how Central processing units interacts with pipelining in practice.,Computer Architecture
Engineers who work with Closures also frequently need to understand class constructors.,Programming
Some interview questions ask candidates to explain both Two factor authentication and intrusion detection.,Cyber Security
Textbooks commonly cover Ensemble learning in the same chapter that introduces clustering.,Artificial Intelligence
Three address code is sometimes compared with loop unrolling to highlight their key differences.,Compiler Design
Engineers who work with Microcontrollers also frequently need to understand reduced instruction set computing.,Computer Architecture
Engineers who work with Shift reduce parsers also frequently need to understand code optimization.,Compiler Design
Research papers have explored how Proxy servers interacts with latency in practice.,Networking
Version control and scrum are both topics that appear frequently in advanced coursework.,Software Engineering
Exam questions often test whether students can relate Multithreading to garbage collection.,Programming
Ransomware is sometimes compared with trojan horses to highlight their key differences.,Cyber Security
Unit testing builds a useful foundation for later learning about project management.,Software Engineering
Packets is sometimes compared with local area networks to highlight their key differences.,Networking
A finite state automaton models the states and transitions used during lexical scanning of source code.,Compiler Design
Engineers who work with Symbol tables also frequently need to understand peephole optimization.,Compiler Design
Modules builds a useful foundation for later learning about pointers.,Programming
Speech recognition converts spoken audio input into written text using trained acoustic models.,Artificial Intelligence
Engineers who work with Indexes also frequently need to understand cursors.,Database
Endpoint protection is sometimes compared with trojan horses to highlight their key differences.,Cyber Security
Lecture notes often introduce Intrusion detection before moving on to phishing.,Cyber Security
Engineers who work with Cache misses also frequently need to understand buses.,Computer Architecture
Lecture notes often introduce Multicore processors before moving on to arithmetic logic units.,Computer Architecture
Research papers have explored how Replication interacts with triggers in practice.,Database
Textbooks commonly cover Hyperparameter tuning in the same chapter that introduces activation functions.,Artificial Intelligence
Engineers who work with Binary search also frequently need to understand amortized analysis.,Data Structure
Some interview questions ask candidates to explain both Kernels and process scheduling.,Operating System
Research papers have explored how Finite automata interacts with context free grammars in practice.,Compiler Design
Pair programming and agile methodology are both topics that appear frequently in advanced coursework.,Software Engineering
Professionals frequently combine Autonomous vehicles with computer vision to solve real problems.,Artificial Intelligence
Research papers have explored how Cyber attacks interacts with incident response in practice.,Cyber Security
A project involving Encryption may also require careful handling of zero day exploits.,Cyber Security
Some interview questions ask candidates to explain both NoSQL databases and triggers.,Database
Textbooks commonly cover Technical debt in the same chapter that introduces pair programming.,Software Engineering
Engineers who work with Real time operating systems also frequently need to understand shells.,Operating System
Linked list implementations and doubly linked lists are both topics that appear frequently in advanced coursework.,Data Structure
Textbooks commonly cover Clustering in the same chapter that introduces overfitting.,Artificial Intelligence
Pipelining builds a useful foundation for later learning about branch prediction.,Computer Architecture
Regression testing and software architecture are both topics that appear frequently in advanced coursework.,Software Engineering
Engineers who work with Database schemas also frequently need to understand backup and recovery.,Database
Some interview questions ask candidates to explain both Public key infrastructure and cyber attacks.,Cyber Security
Some interview questions ask candidates to explain both Proxy servers and routing tables.,Networking
A project involving Semaphores may also require careful handling of mutual exclusion.,Operating System
Three address code builds a useful foundation for later learning about compilers.,Compiler Design
Exam questions often test whether students can relate Query optimization to NoSQL databases.,Database
Unit testing is sometimes compared with variables to highlight their key differences.,Programming
A project involving NoSQL databases may also require careful handling of denormalization.,Database
Research papers have explored how Type checking interacts with finite automata in practice.,Compiler Design
Antivirus software scans files and programs to detect and remove known malicious code signatures.,Cyber Security
Exception handling is sometimes compared with variables to highlight their key differences.,Programming
Textbooks commonly cover Routing tables in the same chapter that introduces local area networks.,Networking
Lecture notes often introduce Database schemas before moving on to SQL queries.,Database
Exam questions often test whether students can relate Network topology to bandwidth.,Networking
Textbooks commonly cover Register allocation in the same chapter that introduces regular expressions.,Compiler Design
Lecture notes often introduce System calls before moving on to segmentation.,Operating System
A modem converts digital signals from a computer into analog signals suitable for transmission over telephone lines.,Networking
A relational database organizes data into tables consisting of rows and columns linked by keys.,Database
A project involving Expert systems may also require careful handling of natural language processing.,Artificial Intelligence
Lecture notes often introduce Heaps before moving on to binary search.,Data Structure
"Pair programming involves two developers working together at one workstation, one writing code and one reviewing it.",Software Engineering
Some interview questions ask candidates to explain both Version control and compilers.,Programming
Research papers have explored how Peephole optimization interacts with compilers in practice.,Compiler Design
Lecture notes often introduce Regular expressions before moving on to LL parsers.,Compiler Design
Textbooks commonly cover Binary search in the same chapter that introduces circular queues.,Data Structure
Some interview questions ask candidates to explain both DNS and DHCP.,Networking
Ping utilities builds a useful foundation for later learning about routing tables.,Networking
Lexical analysis is sometimes compared with bottom up parsing to highlight their key differences.,Compiler Design
Some interview questions ask candidates to explain both Arrays and adjacency matrices.,Data Structure
Priority scheduling is sometimes compared with multiprogramming to highlight their key differences.,Operating System
Referential integrity builds a useful foundation for later learning about triggers.,Database
Top down parsing builds a useful foundation for later learning about three address code.,Compiler Design
Some interview questions ask candidates to explain both Artificial neural networks and recurrent neural networks.,Artificial Intelligence
A strong grasp of Recursion often makes it easier to later understand exception handling.,Programming
A binary search algorithm repeatedly divides a sorted array in half to quickly locate a target value.,Data Structure
Version control and configuration management track changes to software artifacts over time.,Software Engineering
Exam questions often test whether students can relate Instruction set architecture to overclocking.,Computer Architecture
Some interview questions ask candidates to explain both Concurrency control and database migrations.,Database
Immutable data types builds a useful foundation for later learning about exception handling.,Programming
A binary tree is a hierarchical structure where each node has at most two children.,Data Structure
A hash table stores key value pairs and uses a hash function to compute an index into an array.,Data Structure
A stack is a linear data structure that follows the last in first out principle.,Data Structure
A strong grasp of Feasibility studies often makes it easier to later understand burndown charts.,Software Engineering
Engineers who work with Real time operating systems also frequently need to understand zombie processes.,Operating System
Latency is the time delay between sending and receiving data across a network connection.,Networking
Loop unrolling is sometimes compared with compilers to highlight their key differences.,Compiler Design
The spiral model builds a useful foundation for later learning about refactoring.,Software Engineering
Textbooks commonly cover Algorithms in the same chapter that introduces lambda functions.,Programming
A module or package groups related functions and classes together for reuse across projects.,Programming
A project involving Firewalls may also require careful handling of ransomware.,Cyber Security
Memory management builds a useful foundation for later learning about interrupt handling.,Operating System
Addressing modes and von neumann architecture are both topics that appear frequently in advanced coursework.,Computer Architecture
A packet is a small unit of data transmitted over a network containing header and payload.,Networking
Lecture notes often introduce Control units before moving on to microprocessors.,Computer Architecture
Some interview questions ask candidates to explain both Object relational mapping and referential integrity.,Database
Lecture notes often introduce Backup and recovery before moving on to database views.,Database
Deadlocks builds a useful foundation for later learning about zombie processes.,Operating System
Some interview questions ask candidates to explain both Chatbots and confusion matrices.,Artificial Intelligence
Research papers have explored how Type casting interacts with unit testing in practice.,Programming
A hardwired control unit implements control signals using fixed digital logic circuits rather than software.,Computer Architecture
Burndown charts builds a useful foundation for later learning about integration testing.,Software Engineering
Wireless networking builds a useful foundation for later learning about full duplex communication.,Networking
Textbooks commonly cover Syntax errors in the same chapter that introduces type casting.,Programming
Composite keys and query optimization are both topics that appear frequently in advanced coursework.,Database
Professionals frequently combine Technical debt with the spiral model to solve real problems.,Software Engineering
Pipelining is sometimes compared with microcontrollers to highlight their key differences.,Computer Architecture
Textbooks commonly cover Inheritance in the same chapter that introduces arrays.,Programming
Textbooks commonly cover Load balancing in the same chapter that introduces fiber optic cables.,Networking
A project involving Polymorphism may also require careful handling of class constructors.,Programming
The waterfall model and software architecture are both topics that appear frequently in advanced coursework.,Software Engineering
Lecture notes often introduce Register allocation before moving on to compilers.,Compiler Design
Research papers have explored how Digital logic circuits interacts with arithmetic logic units in practice.,Computer Architecture
An operating system provides an interface between the user and the computer hardware.,Operating System
A confusion matrix summarizes the correct and incorrect predictions made by a classification model.,Artificial Intelligence
A strong grasp of Sprint retrospectives often makes it easier to later understand quality assurance.,Software Engineering
A strong grasp of The spiral model often makes it easier to later understand software architecture.,Software Engineering
Professionals frequently combine Dynamic programming with hash collisions to solve real problems.,Data Structure
Professionals frequently combine Device drivers with priority scheduling to solve real problems.,Operating System
Exam questions often test whether students can relate Packets to network interface cards.,Networking
Memory hierarchy builds a useful foundation for later learning about overclocking.,Computer Architecture
Gradient descent is an optimization algorithm used to minimize the loss function in machine learning models.,Artificial Intelligence
Exam questions often test whether students can relate Conditional statements to closures.,Programming
Research papers have explored how Triggers interacts with views in practice.,Database
Lecture notes often introduce Loops before moving on to inheritance.,Programming
Lecture notes often introduce Arrays before moving on to linked lists.,Data Structure
A conditional statement such as if else lets a program choose between different paths of execution.,Programming
Professionals frequently combine Bottom up parsing with semantic analysis to solve real problems.,Compiler Design
Some interview questions ask candidates to explain both Process scheduling and shells.,Operating System
Textbooks commonly cover Antivirus software in the same chapter that introduces zero day exploits.,Cyber Security
Exam questions often test whether students can relate Binary trees to amortized analysis.,Data Structure
Exam questions often test whether students can relate Registers to pipelining.,Computer Architecture
Subnet masks is sometimes compared with network address translation to highlight their key differences.,Networking
Exam questions often test whether students can relate Arrays to modules.,Programming
Some interview questions ask candidates to explain both Skip lists and depth first search.,Data Structure
Textbooks commonly cover String concatenation in the same chapter that introduces conditional statements.,Programming
Professionals frequently combine Red black trees with balanced trees to solve real problems.,Data Structure
Textbooks commonly cover Modules in the same chapter that introduces lambda functions.,Programming
A strong grasp of Tries often makes it easier to later understand tree traversal.,Data Structure
Textbooks commonly cover Amortized analysis in the same chapter that introduces linked lists.,Data Structure
Professionals frequently combine Switches with network congestion to solve real problems.,Networking
Professionals frequently combine SQL queries with database schemas to solve real problems.,Database
Some interview questions ask candidates to explain both Endpoint protection and SQL injection.,Cyber Security
A recursive descent parser implements each grammar rule as a separate mutually recursive function.,Compiler Design
Some interview questions ask candidates to explain both Intermediate code and scope resolution.,Compiler Design
Textbooks commonly cover Data breaches in the same chapter that introduces security patches.,Cyber Security
A strong grasp of Device drivers often makes it easier to later understand fragmentation.,Operating System
A circular queue connects the last position back to the first to efficiently reuse empty slots.,Data Structure
Thrashing is sometimes compared with process control blocks to highlight their key differences.,Operating System
Research papers have explored how Semantic analysis interacts with interpreters in practice.,Compiler Design
Garbage collection builds a useful foundation for later learning about version control.,Programming
Tree traversal is sometimes compared with array implementations to highlight their key differences.,Data Structure
Research papers have explored how SQL injection interacts with endpoint protection in practice.,Cyber Security
Some interview questions ask candidates to explain both Buses and branch prediction.,Computer Architecture
Lecture notes often introduce Dynamic typing before moving on to string concatenation.,Programming
Engineers who work with Software maintenance also frequently need to understand software testing.,Software Engineering
Research papers have explored how Referential integrity interacts with normalization in practice.,Database
Some interview questions ask candidates to explain both Device drivers and semaphores.,Operating System
Some interview questions ask candidates to explain both Priority queues and sorting algorithms.,Data Structure
Research papers have explored how Code review interacts with requirements elicitation in practice.,Software Engineering
A strong grasp of Feature engineering often makes it easier to later understand chatbots.,Artificial Intelligence
Software quality assurance establishes processes to ensure a product meets defined standards before release.,Software Engineering
Symbol tables is sometimes compared with peephole optimization to highlight their key differences.,Compiler Design
The TCP IP protocol and bluetooth are both topics that appear frequently in advanced coursework.,Networking
Engineers who work with Subnet masks also frequently need to understand load balancing.,Networking
Bottom up parsing builds a useful foundation for later learning about semantic analysis.,Compiler Design
Three address code is sometimes compared with bottom up parsing to highlight their key differences.,Compiler Design
Sprint retrospectives builds a useful foundation for later learning about burndown charts.,Software Engineering
Code optimization improves the intermediate representation of a program to make it more efficient.,Compiler Design
Engineers who work with Two factor authentication also frequently need to understand security patches.,Cyber Security
Research papers have explored how Software maintenance interacts with requirements specifications in practice.,Software Engineering
Textbooks commonly cover Continuous integration in the same chapter that introduces software maintenance.,Software Engineering
Research papers have explored how Sentiment analysis interacts with feature engineering in practice.,Artificial Intelligence
A project involving Sharding may also require careful handling of concurrency control.,Database
Dead code elimination and macro preprocessors are both topics that appear frequently in advanced coursework.,Compiler Design
Spooling and round robin scheduling are both topics that appear frequently in advanced coursework.,Operating System
Lambda functions builds a useful foundation for later learning about compilers.,Programming
Fiber optic cables and full duplex communication are both topics that appear frequently in advanced coursework.,Networking
Professionals frequently combine Triggers with SQL queries to solve real problems.,Database
A strong grasp of Microprocessors often makes it easier to later understand overclocking.,Computer Architecture
Textbooks commonly cover Requirements elicitation in the same chapter that introduces the spiral model.,Software Engineering
Sorting algorithms like quicksort and mergesort arrange elements in a particular order efficiently.,Data Structure
LR parsers builds a useful foundation for later learning about three address code.,Compiler Design
The waterfall model is a sequential software development process divided into distinct phases.,Software Engineering
Research papers have explored how Parser generators interacts with loop unrolling in practice.,Compiler Design
Research papers have explored how ACID properties interacts with cursors in practice.,Database
Network congestion occurs when too much data is sent through a network causing slowdowns.,Networking
Kernels builds a useful foundation for later learning about system calls.,Operating System
Some interview questions ask candidates to explain both Priority queues and binary search.,Data Structure
Exam questions often test whether students can relate Unsupervised learning to hyperparameter tuning.,Artificial Intelligence
A project involving Digital signatures may also require careful handling of access control.,Cyber Security
Engineers who work with Virtual memory also frequently need to understand thread management.,Operating System
Lecture notes often introduce Referential integrity before moving on to concurrency control.,Database
Branch prediction builds a useful foundation for later learning about cache memory.,Computer Architecture
Lecture notes often introduce Convolutional neural networks before moving on to reinforcement learning.,Artificial Intelligence
Lambda functions are small anonymous functions defined without a name using a concise syntax.,Programming
Engineers who work with Skip lists also frequently need to understand linked lists.,Data Structure
Research papers have explored how Cursors interacts with triggers in practice.,Database
Speech recognition is sometimes compared with recurrent neural networks to highlight their key differences.,Artificial Intelligence
Exam questions often test whether students can relate The TCP IP protocol to bandwidth.,Networking
Professionals frequently combine Adjacency matrices with hash tables to solve real problems.,Data Structure
Demand paging and system calls are both topics that appear frequently in advanced coursework.,Operating System
Textbooks commonly cover Stakeholders in the same chapter that introduces user stories.,Software Engineering
An interpreter executes source code line by line without producing a separate machine code file.,Programming
Network address translation builds a useful foundation for later learning about subnet masks.,Networking
Demand paging is sometimes compared with file systems to highlight their key differences.,Operating System
Research papers have explored how Use case diagrams interacts with integration testing in practice.,Software Engineering
Computer vision enables machines to interpret and understand visual information from images or video.,Artificial Intelligence
Engineers who work with Vulnerabilities also frequently need to understand penetration testing.,Cyber Security
Research papers have explored how Top down parsing interacts with tokenization in practice.,Compiler Design
Type casting converts a value from one data type to another such as integer to float.,Programming
Memory hierarchy builds a useful foundation for later learning about harvard architecture.,Computer Architecture
Lecture notes often introduce Boot loaders before moving on to multiprogramming.,Operating System
A project involving Network topology may also require careful handling of bandwidth.,Networking
A project involving Ethernet may also require careful handling of packets.,Networking
Database migration scripts apply incremental schema changes to keep a database structure up to date.,Database
A strong grasp of Parallel processing often makes it easier to later understand cache memory.,Computer Architecture
Some interview questions ask candidates to explain both Technical debt and the software development life cycle.,Software Engineering
Stakeholders and regression testing are both topics that appear frequently in advanced coursework.,Software Engineering
Exam questions often test whether students can relate Chatbots to ensemble learning.,Artificial Intelligence
A variable is a named storage location in memory used to hold data values during program execution.,Programming
A strong grasp of Hardwired control units often makes it easier to later understand multicore processors.,Computer Architecture
Exam questions often test whether students can relate Network congestion to network interface cards.,Networking
Breadth first search explores all neighbor nodes at the current depth before moving to the next level.,Data Structure
Textbooks commonly cover Load balancing in the same chapter that introduces quality of service.,Networking
Research papers have explored how Mutual exclusion interacts with zombie processes in practice.,Operating System
Skip lists and arrays are both topics that appear frequently in advanced coursework.,Data Structure
Some interview questions ask candidates to explain both Proxy servers and local area networks.,Networking
Research papers have explored how Multiprogramming interacts with schedulers in practice.,Operating System
Engineers who work with Debugging also frequently need to understand syntax errors.,Programming
Lecture notes often introduce Project management before moving on to quality assurance.,Software Engineering
A project involving ACID properties may also require careful handling of database administrators.,Database
Lecture notes often introduce Memory hierarchy before moving on to multicore processors.,Computer Architecture
Memory management is sometimes compared with zombie processes to highlight their key differences.,Operating System
Engineers who work with The TCP IP protocol also frequently need to understand packets.,Networking
Research papers have explored how Denial of service attacks interacts with security audits in practice.,Cyber Security
Professionals frequently combine Network topology with ethernet to solve real problems.,Networking
Autonomous vehicles and activation functions are both topics that appear frequently in advanced coursework.,Artificial Intelligence
Textbooks commonly cover Bottom up parsing in the same chapter that introduces regular expressions.,Compiler Design
Exam questions often test whether students can relate Dead code elimination to code optimization.,Compiler Design
Convolutional neural networks builds a useful foundation for later learning about unsupervised learning.,Artificial Intelligence
Interrupt handling is sometimes compared with deadlocks to highlight their key differences.,Operating System
Some interview questions ask candidates to explain both Artificial neural networks and ensemble learning.,Artificial Intelligence
A strong grasp of Public key infrastructure often makes it easier to later understand access control.,Cyber Security
Professionals frequently combine Parser generators with LL parsers to solve real problems.,Compiler Design
Engineers who work with Feasibility studies also frequently need to understand the spiral model.,Software Engineering
Linked lists and circular queues are both topics that appear frequently in advanced coursework.,Data Structure
Zombie processes is sometimes compared with fragmentation to highlight their key differences.,Operating System
Neural networks and backpropagation are both topics that appear frequently in advanced coursework.,Artificial Intelligence
Research papers have explored how Gradient descent interacts with natural language processing in practice.,Artificial Intelligence
Query optimization and entity relationship diagrams are both topics that appear frequently in advanced coursework.,Database
Research papers have explored how Artificial neural networks interacts with natural language processing in practice.,Artificial Intelligence
Some interview questions ask candidates to explain both Type checking and register allocation.,Compiler Design
Honeypots builds a useful foundation for later learning about spoofing attacks.,Cyber Security
A strong grasp of Graph algorithms often makes it easier to later understand tries.,Data Structure
Engineers who work with Multiprogramming also frequently need to understand deadlocks.,Operating System
A red black tree is a self balancing binary search tree that maintains logarithmic height through coloring rules.,Data Structure
Engineers who work with Full duplex communication also frequently need to understand ethernet.,Networking
A strong grasp of Data breaches often makes it easier to later understand malware.,Cyber Security
Textbooks commonly cover Sentiment analysis in the same chapter that introduces backpropagation.,Artificial Intelligence
Engineers who work with Firmware also frequently need to understand multicore processors.,Computer Architecture
A strong grasp of Round robin scheduling often makes it easier to later understand process synchronization.,Operating System
Exam questions often test whether students can relate Device drivers to schedulers.,Operating System
A security patch is a software update released specifically to fix a discovered vulnerability.,Cyber Security
Professionals frequently combine Modems with routers to solve real problems.,Networking
Zero day exploits is sometimes compared with antivirus software to highlight their key differences.,Cyber Security
A security audit systematically evaluates an organization's information systems to find compliance gaps and weaknesses.,Cyber Security
Routers builds a useful foundation for later learning about quality of service.,Networking
Research papers have explored how Macro preprocessors interacts with lexical analysis in practice.,Compiler Design
Engineers who work with Modules also frequently need to understand polymorphism.,Programming
Some interview questions ask candidates to explain both Recursion and inheritance.,Programming
Engineers who work with Composite keys also frequently need to understand data warehouses.,Database
Professionals frequently combine Use case diagrams with user stories to solve real problems.,Software Engineering
Linked list implementations is sometimes compared with balanced trees to highlight their key differences.,Data Structure
Denormalization intentionally introduces redundancy into a database to improve read performance.,Database
Joins combine rows from two or more tables based on a related column between them.,Database
Research papers have explored how Type checking interacts with compilers in practice.,Compiler Design
Exam questions often test whether students can relate Segmentation to priority scheduling.,Operating System
Engineers who work with Routing tables also frequently need to understand ethernet.,Networking
Code review is the practice of systematically examining source code to find bugs and improve quality.,Software Engineering
Network topology describes the arrangement of nodes and connections in a computer network.,Networking
SQL queries and object relational mapping are both topics that appear frequently in advanced coursework.,Database
A project involving Cache memory may also require careful handling of clock speed.,Computer Architecture
Device drivers is sometimes compared with thrashing to highlight their key differences.,Operating System
Textbooks commonly cover Arrays in the same chapter that introduces adjacency matrices.,Data Structure
Engineers who work with Digital signatures also frequently need to understand ransomware.,Cyber Security
Research papers have explored how Semantic analysis interacts with top down parsing in practice.,Compiler Design
Engineers who work with Lambda functions also frequently need to understand multithreading.,Programming
Research papers have explored how Firmware interacts with addressing modes in practice.,Computer Architecture
A regular expression describes a pattern used by a lexical analyzer to identify valid tokens.,Compiler Design
A project involving Array implementations may also require careful handling of binary trees.,Data Structure
Engineers who work with Immutable data types also frequently need to understand unit testing.,Programming
Lecture notes often introduce Pointers before moving on to lambda functions.,Programming
Lecture notes often introduce Requirements gathering before moving on to unit testing.,Software Engineering
Engineers who work with Recurrent neural networks also frequently need to understand hyperparameter tuning.,Artificial Intelligence
Textbooks commonly cover Space complexity in the same chapter that introduces depth first search.,Data Structure
Some interview questions ask candidates to explain both Microprocessors and reduced instruction set computing.,Computer Architecture
Event driven programming is sometimes compared with version control to highlight their key differences.,Programming
Type casting is sometimes compared with compilers to highlight their key differences.,Programming
A strong grasp of Overfitting often makes it easier to later understand speech recognition.,Artificial Intelligence
Paging is sometimes compared with kernels to highlight their key differences.,Operating System
Intrusion detection builds a useful foundation for later learning about vulnerabilities.,Cyber Security
Professionals frequently combine Keyloggers with security audits to solve real problems.,Cyber Security
Lecture notes often introduce Unit testing before moving on to loops.,Programming
A project involving Direct memory access may also require careful handling of superscalar architecture.,Computer Architecture
A strong grasp of Operator overloading often makes it easier to later understand recursion.,Programming
Exam questions often test whether students can relate Multiprogramming to memory management.,Operating System
Lecture notes often introduce Stored procedures before moving on to object relational mapping.,Database
Professionals frequently combine Triggers with indexes to solve real problems.,Database
Research papers have explored how Pipelining interacts with central processing units in practice.,Computer Architecture
Textbooks commonly cover Quality assurance in the same chapter that introduces sprint retrospectives.,Software Engineering
Some interview questions ask candidates to explain both Random access memory and reduced instruction set computing.,Computer Architecture
Requirements elicitation gathers information from stakeholders to define what a software system must do.,Software Engineering
A strong grasp of SQL injection often makes it easier to later understand firewalls.,Cyber Security
A wide area network spans a large geographic area connecting multiple local area networks together.,Networking
Professionals frequently combine Semantic analysis with type checking to solve real problems.,Compiler Design
Cursors and database schemas are both topics that appear frequently in advanced coursework.,Database
Some interview questions ask candidates to explain both Recursive descent parsers and dead code elimination.,Compiler Design
Transactions ensure that a series of database operations either all succeed or all fail together.,Database
Textbooks commonly cover String concatenation in the same chapter that introduces multithreading.,Programming
A strong grasp of Stakeholders often makes it easier to later understand refactoring.,Software Engineering
Some interview questions ask candidates to explain both Graphs and doubly linked lists.,Data Structure
Network throughput is sometimes compared with fiber optic cables to highlight their key differences.,Networking
Professionals frequently combine User stories with technical debt to solve real problems.,Software Engineering
SQL injection is sometimes compared with encryption to highlight their key differences.,Cyber Security
Some interview questions ask candidates to explain both Grammar rules and tokenization.,Compiler Design
Encryption builds a useful foundation for later learning about spoofing attacks.,Cyber Security
Some interview questions ask candidates to explain both Natural language processing and machine learning.,Artificial Intelligence
Professionals frequently combine The waterfall model with requirements elicitation to solve real problems.,Software Engineering
A strong grasp of Backpropagation often makes it easier to later understand activation functions.,Artificial Intelligence
Some interview questions ask candidates to explain both Reinforcement learning and convolutional neural networks.,Artificial Intelligence
A project involving Loop unrolling may also require careful handling of type checking.,Compiler Design
Textbooks commonly cover Intermediate code in the same chapter that introduces tokenization.,Compiler Design
Research papers have explored how Multiprogramming interacts with demand paging in practice.,Operating System
Engineers who work with Top down parsing also frequently need to understand parser generators.,Compiler Design
Textbooks commonly cover DHCP in the same chapter that introduces network throughput.,Networking
Engineers who work with Database migrations also frequently need to understand entity relationship diagrams.,Database
A project involving Database views may also require careful handling of triggers.,Database
A project involving Project management may also require careful handling of software testing.,Software Engineering
Stakeholders is sometimes compared with design patterns to highlight their key differences.,Software Engineering
A project involving Dead code elimination may also require careful handling of symbol tables.,Compiler Design
Professionals frequently combine Direct memory access with branch prediction to solve real problems.,Computer Architecture
Lecture notes often introduce Wide area networks before moving on to network throughput.,Networking
Research papers have explored how Brute force attacks interacts with intrusion detection in practice.,Cyber Security
A bus width determines how many bits of data can be transferred simultaneously between components.,Computer Architecture
Professionals frequently combine Queues with breadth first search to solve real problems.,Data Structure
Space complexity builds a useful foundation for later learning about queues.,Data Structure
Ransomware builds a useful foundation for later learning about phishing.,Cyber Security
A project involving Cross site scripting may also require careful handling of denial of service attacks.,Cyber Security
A strong grasp of Interpreters often makes it easier to later understand bottom up parsing.,Compiler Design
Engineers who work with Code optimization also frequently need to understand bottom up parsing.,Compiler Design
Exam questions often test whether students can relate Stacks to time complexity.,Data Structure
A project involving Full duplex communication may also require careful handling of bluetooth.,Networking
Lecture notes often introduce Priority scheduling before moving on to deadlocks.,Operating System
Exam questions often test whether students can relate LL parsers to finite automata.,Compiler Design
A project involving Column oriented databases may also require careful handling of SQL queries.,Database
Engineers who work with Feasibility studies also frequently need to understand software testing.,Software Engineering
Engineers who work with Arrays also frequently need to understand interpreters.,Programming
Research papers have explored how Syntax analysis interacts with parser generators in practice.,Compiler Design
A project involving Superscalar architecture may also require careful handling of pipelining.,Computer Architecture
Exam questions often test whether students can relate Register allocation to finite automata.,Compiler Design
Textbooks commonly cover Parser generators in the same chapter that introduces peephole optimization.,Compiler Design
A project involving Clustering may also require careful handling of transfer learning.,Artificial Intelligence
Professionals frequently combine Intermediate code with code generation to solve real problems.,Compiler Design
Exam questions often test whether students can relate Cyber attacks to vulnerabilities.,Cyber Security
Random access memory builds a useful foundation for later learning about cache memory.,Computer Architecture
Buses and digital logic circuits are both topics that appear frequently in advanced coursework.,Computer Architecture
Textbooks commonly cover Speech recognition in the same chapter that introduces neural networks.,Artificial Intelligence
Professionals frequently combine Multitasking with real time operating systems to solve real problems.,Operating System
Loops and lambda functions are both topics that appear frequently in advanced coursework.,Programming
The OSI model builds a useful foundation for later learning about packets.,Networking
Composite keys and database schemas are both topics that appear frequently in advanced coursework.,Database
Refactoring is sometimes compared with project management to highlight their key differences.,Software Engineering
Exam questions often test whether students can relate Garbage collection to event driven programming.,Programming
Backpropagation calculates gradients used to update the weights of a neural network during training.,Artificial Intelligence
Some interview questions ask candidates to explain both Activation functions and decision trees.,Artificial Intelligence
Keyloggers and cross site scripting are both topics that appear frequently in advanced coursework.,Cyber Security
A strong grasp of Heaps often makes it easier to later understand binary trees.,Data Structure
Engineers who work with Quality of service also frequently need to understand the TCP IP protocol.,Networking
Exam questions often test whether students can relate Depth first search to space complexity.,Data Structure
Research papers have explored how Requirements specifications interacts with stakeholders in practice.,Software Engineering
Textbooks commonly cover Network congestion in the same chapter that introduces proxy servers.,Networking
Research papers have explored how Arrays interacts with heaps in practice.,Data Structure
Professionals frequently combine Firewalls with vulnerabilities to solve real problems.,Cyber Security
Lecture notes often introduce Microcontrollers before moving on to multicore processors.,Computer Architecture
Textbooks commonly cover DHCP in the same chapter that introduces ping utilities.,Networking
A strong grasp of Paging often makes it easier to later understand fragmentation.,Operating System
The software development life cycle builds a useful foundation for later learning about the spiral model.,Software Engineering
Cross site scripting injects malicious scripts into trusted websites to steal data from unsuspecting visitors.,Cyber Security
Boot loaders is sometimes compared with virtual memory to highlight their key differences.,Operating System
Lecture notes often introduce Transfer learning before moving on to convolutional neural networks.,Artificial Intelligence
Some interview questions ask candidates to explain both Triggers and normalization.,Database
Device drivers builds a useful foundation for later learning about spooling.,Operating System
A strong grasp of Bluetooth often makes it easier to later understand the HTTP protocol.,Networking
A project involving Ethernet may also require careful handling of network congestion.,Networking
Engineers who work with Endpoint protection also frequently need to understand antivirus software.,Cyber Security
Engineers who work with Transfer learning also frequently need to understand convolutional neural networks.,Artificial Intelligence
Professionals frequently combine Von neumann architecture with hardwired control units to solve real problems.,Computer Architecture
Shift reduce parsers is sometimes compared with type checking to highlight their key differences.,Compiler Design
A feasibility study evaluates whether a proposed software project is technically and financially viable.,Software Engineering
Professionals frequently combine Software maintenance with technical debt to solve real problems.,Software Engineering
A strong grasp of Spooling often makes it easier to later understand process control blocks.,Operating System
Stakeholders builds a useful foundation for later learning about refactoring.,Software Engineering
Graphs is sometimes compared with amortized analysis to highlight their key differences.,Data Structure
A deadlock occurs when two or more processes are unable to proceed because each waits for the other.,Operating System
Syntax analysis builds a useful foundation for later learning about dead code elimination.,Compiler Design
Engineers who work with Abstract syntax trees also frequently need to understand regular expressions.,Compiler Design
Microprocessors is sometimes compared with arithmetic logic units to highlight their key differences.,Computer Architecture
Engineers who work with Gradient descent also frequently need to understand recurrent neural networks.,Artificial Intelligence
A project involving Process synchronization may also require careful handling of schedulers.,Operating System
A strong grasp of Sentiment analysis often makes it easier to later understand gradient descent.,Artificial Intelligence
Round robin scheduling gives each process a fixed time slice before switching to the next process in the queue.,Operating System
Recommendation systems builds a useful foundation for later learning about reinforcement learning.,Artificial Intelligence
Professionals frequently combine Symbol tables with loop unrolling to solve real problems.,Compiler Design
Exam questions often test whether students can relate Lexical analysis to abstract syntax trees.,Compiler Design
Exam questions often test whether students can relate Triggers to views.,Database
Textbooks commonly cover Scrum in the same chapter that introduces technical debt.,Software Engineering
Central processing units builds a useful foundation for later learning about memory hierarchy.,Computer Architecture
Professionals frequently combine Debugging with exception handling to solve real problems.,Programming
Interpreters and lambda functions are both topics that appear frequently in advanced coursework.,Programming
Engineers who work with Symbol tables also frequently need to understand grammar rules.,Compiler Design
Research papers have explored how Incident response interacts with encryption in practice.,Cyber Security
A cache miss occurs when requested data is not found in cache memory and must be fetched from main memory.,Computer Architecture
A strong grasp of SQL queries often makes it easier to later understand views.,Database
Some interview questions ask candidates to explain both Security audits and honeypots.,Cyber Security
Exam questions often test whether students can relate Modems to quality of service.,Networking
Textbooks commonly cover The software development life cycle in the same chapter that introduces project management.,Software Engineering
A project involving Scope resolution may also require careful handling of three address code.,Compiler Design
Professionals frequently combine Doubly linked lists with tries to solve real problems.,Data Structure
Professionals frequently combine Exception handling with debugging to solve real problems.,Programming
A strong grasp of Vulnerabilities often makes it easier to later understand firewalls.,Cyber Security
Lecture notes often introduce Software prototyping before moving on to design patterns.,Software Engineering
A project involving Arrays may also require careful handling of adjacency matrices.,Data Structure
Class constructors and lambda functions are both topics that appear frequently in advanced coursework.,Programming
A network interface card allows a computer to physically connect to a wired or wireless network.,Networking
A strong grasp of Thread management often makes it easier to later understand interrupt handling.,Operating System
Professionals frequently combine Requirements gathering with refactoring to solve real problems.,Software Engineering
Autonomous vehicles is sometimes compared with generative adversarial networks to highlight their key differences.,Artificial Intelligence
A strong grasp of Breadth first search often makes it easier to later understand skip lists.,Data Structure
A project involving Modems may also require careful handling of latency.,Networking
A heap is a specialized tree based structure that satisfies the heap property for priority queues.,Data Structure
Exam questions often test whether students can relate Expert systems to ensemble learning.,Artificial Intelligence
A trie is a tree like data structure used to efficiently store and search strings sharing common prefixes.,Data Structure
Textbooks commonly cover Peephole optimization in the same chapter that introduces type checking.,Compiler Design
A user story describes a software feature from the perspective of an end user in simple language.,Software Engineering
A strong grasp of Harvard architecture often makes it easier to later understand parallel processing.,Computer Architecture
Lecture notes often introduce Arrays before moving on to lambda functions.,Programming
Exam questions often test whether students can relate Superscalar architecture to bus width.,Computer Architecture
Space complexity measures the amount of memory an algorithm requires relative to its input size.,Data Structure
A strong grasp of Stored procedures often makes it easier to later understand database administrators.,Database
Exam questions often test whether students can relate Indexes to NoSQL databases.,Database
Engineers who work with Binary search trees also frequently need to understand binary search.,Data Structure
Ping utilities and routing tables are both topics that appear frequently in advanced coursework.,Networking
Code optimization is sometimes compared with three address code to highlight their key differences.,Compiler Design
A chatbot uses natural language processing techniques to simulate human like conversation with users.,Artificial Intelligence
Lecture notes often introduce Paging before moving on to round robin scheduling.,Operating System
Interrupt handling builds a useful foundation for later learning about schedulers.,Operating System
Engineers who work with Instruction set architecture also frequently need to understand von neumann architecture.,Computer Architecture
Some interview questions ask candidates to explain both Recommendation systems and gradient descent.,Artificial Intelligence
Some interview questions ask candidates to explain both Memory management and file systems.,Operating System
Some interview questions ask candidates to explain both Thrashing and system calls.,Operating System
Engineers who work with Spooling also frequently need to understand interrupt handling.,Operating System
Circular queues is sometimes compared with red black trees to highlight their key differences.,Data Structure
Fragmentation occurs when free memory is broken into small non contiguous blocks over time.,Operating System
Textbooks commonly cover Routers in the same chapter that introduces wireless networking.,Networking
Some interview questions ask candidates to explain both Autonomous vehicles and neural networks.,Artificial Intelligence
A strong grasp of Device drivers often makes it easier to later understand round robin scheduling.,Operating System
A strong grasp of Syntax analysis often makes it easier to later understand compilers.,Compiler Design
Lecture notes often introduce Context free grammars before moving on to top down parsing.,Compiler Design
Research papers have explored how Vulnerabilities interacts with cross site scripting in practice.,Cyber Security
Professionals frequently combine DNS with packets to solve real problems.,Networking
A project involving SQL queries may also require careful handling of database migrations.,Database
Some interview questions ask candidates to explain both Context free grammars and symbol tables.,Compiler Design
Lecture notes often introduce Requirements gathering before moving on to quality assurance.,Software Engineering
Sharding builds a useful foundation for later learning about database schemas.,Database
A project involving Machine learning may also require careful handling of confusion matrices.,Artificial Intelligence
A recurrent neural network processes sequential data by maintaining a hidden state across time steps.,Artificial Intelligence
A strong grasp of Memory hierarchy often makes it easier to later understand digital logic circuits.,Computer Architecture
Research papers have explored how Interpreters interacts with garbage collection in practice.,Programming
Research papers have explored how Depth first search interacts with linked lists in practice.,Data Structure
Textbooks commonly cover Microcontrollers in the same chapter that introduces direct memory access.,Computer Architecture
A project involving Overclocking may also require careful handling of registers.,Computer Architecture
Pair programming is sometimes compared with stakeholders to highlight their key differences.,Software Engineering
Professionals frequently combine Firmware with cache misses to solve real problems.,Computer Architecture
Exam questions often test whether students can relate Direct memory access to complex instruction set computing.,Computer Architecture
Textbooks commonly cover Zombie processes in the same chapter that introduces file systems.,Operating System
Lecture notes often introduce The waterfall model before moving on to user stories.,Software Engineering
Concurrency control prevents conflicting simultaneous transactions from corrupting shared database data.,Database
Some interview questions ask candidates to explain both Neural networks and reinforcement learning.,Artificial Intelligence
Research papers have explored how NoSQL databases interacts with transactions in practice.,Database
Textbooks commonly cover Arithmetic logic units in the same chapter that introduces random access memory.,Computer Architecture
A strong grasp of Garbage collection often makes it easier to later understand exception handling.,Programming
Security audits builds a useful foundation for later learning about data breaches.,Cyber Security
Lecture notes often introduce Trojan horses before moving on to ransomware.,Cyber Security
A strong grasp of Recursive descent parsers often makes it easier to later understand code generation.,Compiler Design
Textbooks commonly cover Fragmentation in the same chapter that introduces multitasking.,Operating System
Engineers who work with Branch prediction also frequently need to understand instruction set architecture.,Computer Architecture
Engineers who work with Pair programming also frequently need to understand requirements specifications.,Software Engineering
A strong grasp of Denial of service attacks often makes it easier to later understand vulnerabilities.,Cyber Security
An autonomous vehicle uses artificial intelligence to perceive its environment and make driving decisions.,Artificial Intelligence
Some interview questions ask candidates to explain both Space complexity and hash collisions.,Data Structure
Professionals frequently combine Parallel processing with multicore processors to solve real problems.,Computer Architecture
Linked list implementations builds a useful foundation for later learning about binary search trees.,Data Structure
Some interview questions ask candidates to explain both Backup and recovery and denormalization.,Database
Grammar rules is sometimes compared with compilers to highlight their key differences.,Compiler Design
Gradient descent and hyperparameter tuning are both topics that appear frequently in advanced coursework.,Artificial Intelligence
Lecture notes often introduce Binary trees before moving on to skip lists.,Data Structure
A strong grasp of Relational tables often makes it easier to later understand database migrations.,Database
Lecture notes often introduce Bus width before moving on to cache memory.,Computer Architecture
Research papers have explored how Sorting algorithms interacts with amortized analysis in practice.,Data Structure
A project involving Sprint retrospectives may also require careful handling of design patterns.,Software Engineering
Wide area networks builds a useful foundation for later learning about DHCP.,Networking
Chatbots is sometimes compared with transfer learning to highlight their key differences.,Artificial Intelligence
Static typing requires variable types to be declared at compile time rather than inferred at runtime.,Programming
Lecture notes often introduce Refactoring before moving on to user stories.,Software Engineering
Direct memory access is sometimes compared with complex instruction set computing to highlight their key differences.,Computer Architecture
Spooling builds a useful foundation for later learning about memory management.,Operating System
Paging and spooling are both topics that appear frequently in advanced coursework.,Operating System
Gradient descent builds a useful foundation for later learning about convolutional neural networks.,Artificial Intelligence
Context free grammars and scope resolution are both topics that appear frequently in advanced coursework.,Compiler Design
A strong grasp of Macro preprocessors often makes it easier to later understand syntax analysis.,Compiler Design
Engineers who work with Overfitting also frequently need to understand confusion matrices.,Artificial Intelligence
Research papers have explored how Data warehouses interacts with primary keys in practice.,Database
Textbooks commonly cover Reduced instruction set computing in the same chapter that introduces instruction set architecture.,Computer Architecture
Garbage collection is sometimes compared with debugging to highlight their key differences.,Programming
Research papers have explored how Breadth first search interacts with array implementations in practice.,Data Structure
Professionals frequently combine Schedulers with context switching to solve real problems.,Operating System
Central processing units is sometimes compared with parallel processing to highlight their key differences.,Computer Architecture
Lecture notes often introduce User stories before moving on to requirements gathering.,Software Engineering
A strong grasp of Peephole optimization often makes it easier to later understand loop unrolling.,Compiler Design
A project involving User stories may also require careful handling of sprint retrospectives.,Software Engineering
Recommendation systems is sometimes compared with gradient descent to highlight their key differences.,Artificial Intelligence
Engineers who work with Entity relationship diagrams also frequently need to understand primary keys.,Database
Cache misses and clock speed are both topics that appear frequently in advanced coursework.,Computer Architecture
Functions allow developers to encapsulate reusable blocks of code that can be called multiple times.,Programming
Textbooks commonly cover Semaphores in the same chapter that introduces mutual exclusion.,Operating System
Professionals frequently combine Syntax analysis with LL parsers to solve real problems.,Compiler Design
Research papers have explored how Arrays interacts with command line arguments in practice.,Programming
Research papers have explored how The TCP IP protocol interacts with load balancing in practice.,Networking
A strong grasp of Kernels often makes it easier to later understand multiprogramming.,Operating System
Textbooks commonly cover Arrays in the same chapter that introduces tries.,Data Structure
A project involving Space complexity may also require careful handling of linked list implementations.,Data Structure
Professionals frequently combine Closures with class constructors to solve real problems.,Programming
Exam questions often test whether students can relate Thread management to fragmentation.,Operating System
A project involving Deep learning may also require careful handling of autonomous vehicles.,Artificial Intelligence
Some interview questions ask candidates to explain both Queues and binary trees.,Data Structure
Shells builds a useful foundation for later learning about round robin scheduling.,Operating System
Lecture notes often introduce Compilers before moving on to conditional statements.,Programming
Engineers who work with Intrusion detection also frequently need to understand cross site scripting.,Cyber Security
Amortized analysis evaluates the average time complexity of an operation performed repeatedly over a sequence of operations.,Data Structure
DHCP is sometimes compared with the HTTP protocol to highlight their key differences.,Networking
A strong grasp of Variables often makes it easier to later understand string concatenation.,Programming
Machine learning is sometimes compared with convolutional neural networks to highlight their key differences.,Artificial Intelligence
Graph algorithms is sometimes compared with tries to highlight their key differences.,Data Structure
Engineers who work with Requirements specifications also frequently need to understand burndown charts.,Software Engineering
Exam questions often test whether students can relate Design patterns to project management.,Software Engineering
A strong grasp of Static typing often makes it easier to later understand variables.,Programming
Foreign keys and ACID properties are both topics that appear frequently in advanced coursework.,Database
A stakeholder is any person or group with an interest in the outcome of a software project.,Software Engineering
Exam questions often test whether students can relate System calls to thread management.,Operating System
Professionals frequently combine Hyperparameter tuning with gradient descent to solve real problems.,Artificial Intelligence
Database sharding splits a large database into smaller faster more easily managed pieces called shards.,Database
Denormalization and referential integrity are both topics that appear frequently in advanced coursework.,Database
Professionals frequently combine Security audits with security patches to solve real problems.,Cyber Security
A strong grasp of Firewalls often makes it easier to later understand zero day exploits.,Cyber Security
A strong grasp of DHCP often makes it easier to later understand the TCP IP protocol.,Networking
A project involving Composite keys may also require careful handling of sharding.,Database
Operator overloading allows a programming language to redefine how operators behave for custom types.,Programming
Engineers who work with Burndown charts also frequently need to understand code review.,Software Engineering
Fiber optic cables is sometimes compared with bluetooth to highlight their key differences.,Networking
Exam questions often test whether students can relate Algorithms to dynamic typing.,Programming
RAM or random access memory provides temporary fast storage for data actively used by programs.,Computer Architecture
Engineers who work with LL parsers also frequently need to understand scope resolution.,Compiler Design
A project involving Design patterns may also require careful handling of pair programming.,Software Engineering
Hash tables builds a useful foundation for later learning about time complexity.,Data Structure
Zombie processes and fragmentation are both topics that appear frequently in advanced coursework.,Operating System
Some interview questions ask candidates to explain both Query optimization and foreign keys.,Database
Load balancing builds a useful foundation for later learning about routing tables.,Networking
Public key infrastructure and encryption are both topics that appear frequently in advanced coursework.,Cyber Security
Engineers who work with Clock speed also frequently need to understand von neumann architecture.,Computer Architecture
Backup and recovery is sometimes compared with primary keys to highlight their key differences.,Database
A project involving Load balancing may also require careful handling of proxy servers.,Networking
Some interview questions ask candidates to explain both Technical debt and refactoring.,Software Engineering
Some interview questions ask candidates to explain both Code generation and code optimization.,Compiler Design
Code generation is the final phase of compilation that produces target machine code.,Compiler Design
Professionals frequently combine Backpropagation with expert systems to solve real problems.,Artificial Intelligence
Professionals frequently combine Denial of service attacks with honeypots to solve real problems.,Cyber Security
Reduced instruction set computing uses a small set of simple instructions to simplify processor design.,Computer Architecture
Digital logic circuits builds a useful foundation for later learning about cache misses.,Computer Architecture
"Software project management involves planning, scheduling, and tracking resources to deliver a project on time.",Software Engineering
Research papers have explored how Latency interacts with the TCP IP protocol in practice.,Networking
Professionals frequently combine Firewalls with denial of service attacks to solve real problems.,Cyber Security
Research papers have explored how Instruction level parallelism interacts with firmware in practice.,Computer Architecture
Parallel processing uses multiple processors simultaneously to perform computations faster.,Computer Architecture
Some interview questions ask candidates to explain both Stakeholders and requirements specifications.,Software Engineering
Thread management and process control blocks are both topics that appear frequently in advanced coursework.,Operating System
Use case diagrams is sometimes compared with project management to highlight their key differences.,Software Engineering
A strong grasp of Speech recognition often makes it easier to later understand overfitting.,Artificial Intelligence
Some interview questions ask candidates to explain both Code optimization and macro preprocessors.,Compiler Design
Professionals frequently combine Reduced instruction set computing with registers to solve real problems.,Computer Architecture
Textbooks commonly cover Software prototyping in the same chapter that introduces software maintenance.,Software Engineering
Tree traversal builds a useful foundation for later learning about tries.,Data Structure
A project involving Neural networks may also require careful handling of clustering.,Artificial Intelligence
Professionals frequently combine Deep learning with backpropagation to solve real problems.,Artificial Intelligence
Regression testing is sometimes compared with code review to highlight their key differences.,Software Engineering
Research papers have explored how DHCP interacts with routing tables in practice.,Networking
Professionals frequently combine Database administrators with stored procedures to solve real problems.,Database
Textbooks commonly cover Buses in the same chapter that introduces pipelining.,Computer Architecture
A strong grasp of The waterfall model often makes it easier to later understand pair programming.,Software Engineering
Engineers who work with Tokenization also frequently need to understand LL parsers.,Compiler Design
Some interview questions ask candidates to explain both Round robin scheduling and file systems.,Operating System
The waterfall model is sometimes compared with requirements gathering to highlight their key differences.,Software Engineering
Textbooks commonly cover Digital logic circuits in the same chapter that introduces reduced instruction set computing.,Computer Architecture
A project involving Linked lists may also require careful handling of balanced trees.,Data Structure
A project involving Denormalization may also require careful handling of query optimization.,Database
Doubly linked lists builds a useful foundation for later learning about hash collisions.,Data Structure
A closure is a function that retains access to variables from its enclosing scope even after that scope has finished executing.,Programming
A syntax error occurs when code violates the grammatical rules of a programming language.,Programming
Mutual exclusion ensures that only one process can access a critical section of shared resources at a time.,Operating System
Exam questions often test whether students can relate Computer vision to decision trees.,Artificial Intelligence
Some interview questions ask candidates to explain both Code review and pair programming.,Software Engineering
Binary search builds a useful foundation for later learning about queues.,Data Structure
Research papers have explored how Generative adversarial networks interacts with confusion matrices in practice.,Artificial Intelligence
Professionals frequently combine Backup and recovery with composite keys to solve real problems.,Database
Real time operating systems is sometimes compared with zombie processes to highlight their key differences.,Operating System
Engineers who work with Cyber attacks also frequently need to understand cross site scripting.,Cyber Security
Professionals frequently combine Hyperparameter tuning with computer vision to solve real problems.,Artificial Intelligence
Fiber optic cables is sometimes compared with wireless networking to highlight their key differences.,Networking
Use case diagrams builds a useful foundation for later learning about pair programming.,Software Engineering
Indexes is sometimes compared with entity relationship diagrams to highlight their key differences.,Database
Professionals frequently combine Three address code with peephole optimization to solve real problems.,Compiler Design
Refactoring is sometimes compared with quality assurance to highlight their key differences.,Software Engineering
Exam questions often test whether students can relate Harvard architecture to clock speed.,Computer Architecture
Lecture notes often introduce Round robin scheduling before moving on to segmentation.,Operating System
Penetration testing simulates cyber attacks to identify security weaknesses before real attackers exploit them.,Cyber Security
Some interview questions ask candidates to explain both Binary trees and heaps.,Data Structure
A strong grasp of Conditional statements often makes it easier to later understand arrays.,Programming
Refactoring restructures existing code to improve its readability and maintainability without changing its behavior.,Software Engineering
A strong grasp of Use case diagrams often makes it easier to later understand the spiral model.,Software Engineering
Skip lists builds a useful foundation for later learning about dynamic programming.,Data Structure
A brute force attack systematically tries every possible password combination until the correct one is found.,Cyber Security
Recursion is a technique where a function calls itself to solve smaller instances of the same problem.,Programming
Binary search trees builds a useful foundation for later learning about balanced trees.,Data Structure
Lecture notes often introduce DHCP before moving on to network congestion.,Networking
Penetration testing builds a useful foundation for later learning about multi layered defense.,Cyber Security
Professionals frequently combine Backup and recovery with triggers to solve real problems.,Database
NoSQL databases builds a useful foundation for later learning about referential integrity.,Database
A project involving Dynamic programming may also require careful handling of priority queues.,Data Structure
Research papers have explored how Hash collisions interacts with queues in practice.,Data Structure
A strong grasp of Compilers often makes it easier to later understand closures.,Programming
A project involving Multi layered defense may also require careful handling of incident response.,Cyber Security
Research papers have explored how Subnet masks interacts with local area networks in practice.,Networking
Professionals frequently combine Transactions with backup and recovery to solve real problems.,Database
A project involving Switches may also require careful handling of full duplex communication.,Networking
A project involving Quality assurance may also require careful handling of requirements gathering.,Software Engineering
Professionals frequently combine Tries with tree traversal to solve real problems.,Data Structure
Time complexity builds a useful foundation for later learning about breadth first search.,Data Structure
Kernels is sometimes compared with deadlocks to highlight their key differences.,Operating System
Textbooks commonly cover Arrays in the same chapter that introduces exception handling.,Programming
Engineers who work with Foreign keys also frequently need to understand database administrators.,Database
A strong grasp of Fiber optic cables often makes it easier to later understand the HTTP protocol.,Networking
Research papers have explored how Software architecture interacts with regression testing in practice.,Software Engineering
A project involving Pair programming may also require careful handling of feasibility studies.,Software Engineering
A project involving Round robin scheduling may also require careful handling of mutual exclusion.,Operating System
A strong grasp of Stored procedures often makes it easier to later understand normalization.,Database
A strong grasp of Trojan horses often makes it easier to later understand security audits.,Cyber Security
Lecture notes often introduce Grammar rules before moving on to syntax analysis.,Compiler Design
Latency builds a useful foundation for later learning about full duplex communication.,Networking
A project involving Decision trees may also require careful handling of reinforcement learning.,Artificial Intelligence
A strong grasp of Heaps often makes it easier to later understand hash tables.,Data Structure
Exam questions often test whether students can relate Network throughput to network address translation.,Networking
Lecture notes often introduce Microcontrollers before moving on to superscalar architecture.,Computer Architecture
Lecture notes often introduce Packets before moving on to full duplex communication.,Networking
A project involving The waterfall model may also require careful handling of sprint retrospectives.,Software Engineering
Exam questions often test whether students can relate System calls to semaphores.,Operating System
A project involving Load balancing may also require careful handling of latency.,Networking
Lecture notes often introduce Direct memory access before moving on to arithmetic logic units.,Computer Architecture
Professionals frequently combine Trojan horses with spoofing attacks to solve real problems.,Cyber Security
A project involving Denial of service attacks may also require careful handling of malware.,Cyber Security
Deadlocks builds a useful foundation for later learning about file systems.,Operating System
Some interview questions ask candidates to explain both Cursors and joins.,Database
Engineers who work with Clustering also frequently need to understand gradient descent.,Artificial Intelligence
Research papers have explored how Variables interacts with operator overloading in practice.,Programming
Lecture notes often introduce Direct memory access before moving on to central processing units.,Computer Architecture
Lecture notes often introduce Integration testing before moving on to requirements elicitation.,Software Engineering
Some interview questions ask candidates to explain both Branch prediction and hardwired control units.,Computer Architecture
Research papers have explored how Wireless networking interacts with proxy servers in practice.,Networking
Artificial neural networks builds a useful foundation for later learning about convolutional neural networks.,Artificial Intelligence
Lecture notes often introduce Switches before moving on to bandwidth.,Networking
Lecture notes often introduce Loops before moving on to modules.,Programming
Professionals frequently combine Fiber optic cables with the OSI model to solve real problems.,Networking
A strong grasp of Addressing modes often makes it easier to later understand microprocessors.,Computer Architecture
Textbooks commonly cover Recursion in the same chapter that introduces operator overloading.,Programming
Professionals frequently combine Dynamic programming with amortized analysis to solve real problems.,Data Structure
Packets and the OSI model are both topics that appear frequently in advanced coursework.,Networking
Ping utilities builds a useful foundation for later learning about latency.,Networking
Microcontrollers and microprocessors are both topics that appear frequently in advanced coursework.,Computer Architecture
A domain name server resolves website names into the IP addresses computers use to locate each other.,Networking
Professionals frequently combine Version control with unit testing to solve real problems.,Programming
Lecture notes often introduce Kernels before moving on to segmentation.,Operating System
Closures and loops are both topics that appear frequently in advanced coursework.,Programming
Exam questions often test whether students can relate Code review to integration testing.,Software Engineering
Research papers have explored how Subnet masks interacts with DHCP in practice.,Networking
Bus width is sometimes compared with instruction set architecture to highlight their key differences.,Computer Architecture
A strong grasp of Segmentation often makes it easier to later understand semaphores.,Operating System
Some interview questions ask candidates to explain both Access control and multi layered defense.,Cyber Security
Some interview questions ask candidates to explain both Ransomware and intrusion detection.,Cyber Security
A strong grasp of Intrusion detection often makes it easier to later understand ransomware.,Cyber Security
Some interview questions ask candidates to explain both Referential integrity and normalization.,Database
Research papers have explored how LL parsers interacts with shift reduce parsers in practice.,Compiler Design
A strong grasp of Project management often makes it easier to later understand technical debt.,Software Engineering
Exam questions often test whether students can relate Kernels to paging.,Operating System
Textbooks commonly cover Backup and recovery in the same chapter that introduces joins.,Database
Lecture notes often introduce Bottom up parsing before moving on to loop unrolling.,Compiler Design
Textbooks commonly cover Routers in the same chapter that introduces routing tables.,Networking
A process control block stores information the operating system needs to manage a specific running process.,Operating System
Textbooks commonly cover DHCP in the same chapter that introduces routers.,Networking
A project involving Interrupt handling may also require careful handling of file systems.,Operating System
Research papers have explored how Speech recognition interacts with computer vision in practice.,Artificial Intelligence
Binary search trees is sometimes compared with binary search to highlight their key differences.,Data Structure
Research papers have explored how SQL queries interacts with relational tables in practice.,Database
Lecture notes often introduce File systems before moving on to shells.,Operating System
Research papers have explored how Latency interacts with proxy servers in practice.,Networking
Textbooks commonly cover Security audits in the same chapter that introduces cyber attacks.,Cyber Security
A project involving Modems may also require careful handling of network interface cards.,Networking
Dynamic programming is sometimes compared with balanced trees to highlight their key differences.,Data Structure
An event driven program responds to user actions such as clicks or key presses as they occur.,Programming
Professionals frequently combine Vulnerabilities with denial of service attacks to solve real problems.,Cyber Security
Some interview questions ask candidates to explain both Firewalls and two factor authentication.,Cyber Security
Lecture notes often introduce Grammar rules before moving on to tokenization.,Compiler Design
Exam questions often test whether students can relate Code optimization to parser generators.,Compiler Design
Some interview questions ask candidates to explain both Feasibility studies and sprint retrospectives.,Software Engineering
Textbooks commonly cover Red black trees in the same chapter that introduces graph algorithms.,Data Structure
Textbooks commonly cover Process control blocks in the same chapter that introduces file systems.,Operating System
Textbooks commonly cover Burndown charts in the same chapter that introduces code review.,Software Engineering
Exam questions often test whether students can relate Decision trees to convolutional neural networks.,Artificial Intelligence
Tries builds a useful foundation for later learning about doubly linked lists.,Data Structure
Some interview questions ask candidates to explain both Foreign keys and cursors.,Database
Clock speed and overclocking are both topics that appear frequently in advanced coursework.,Computer Architecture
Recursive descent parsers and compilers are both topics that appear frequently in advanced coursework.,Compiler Design
Exam questions often test whether students can relate Requirements elicitation to requirements specifications.,Software Engineering
Feasibility studies builds a useful foundation for later learning about software architecture.,Software Engineering
A strong grasp of Network interface cards often makes it easier to later understand the TCP IP protocol.,Networking
Textbooks commonly cover Instruction level parallelism in the same chapter that introduces registers.,Computer Architecture
A project involving Stacks may also require careful handling of red black trees.,Data Structure
Parallel processing builds a useful foundation for later learning about branch prediction.,Computer Architecture
A strong grasp of Generative adversarial networks often makes it easier to later understand ensemble learning.,Artificial Intelligence
Lecture notes often introduce Sentiment analysis before moving on to reinforcement learning.,Artificial Intelligence
Research papers have explored how Skip lists interacts with priority queues in practice.,Data Structure
A project involving SQL queries may also require careful handling of entity relationship diagrams.,Database
Some interview questions ask candidates to explain both Lexical analysis and shift reduce parsers.,Compiler Design
A project involving Inheritance may also require careful handling of immutable data types.,Programming
Textbooks commonly cover Type casting in the same chapter that introduces dynamic typing.,Programming
Vulnerabilities and public key infrastructure are both topics that appear frequently in advanced coursework.,Cyber Security
Exam questions often test whether students can relate Intrusion detection to digital signatures.,Cyber Security
Exam questions often test whether students can relate Burndown charts to quality assurance.,Software Engineering
Intermediate code and grammar rules are both topics that appear frequently in advanced coursework.,Compiler Design
Skip lists is sometimes compared with graphs to highlight their key differences.,Data Structure
Lecture notes often introduce Virtual memory before moving on to device drivers.,Operating System
A project involving Unit testing may also require careful handling of event driven programming.,Programming
Exam questions often test whether students can relate Device drivers to process synchronization.,Operating System
Technical debt refers to the implied cost of additional rework caused by choosing quick solutions.,Software Engineering
A strong grasp of Chatbots often makes it easier to later understand confusion matrices.,Artificial Intelligence
NoSQL databases like MongoDB store data in flexible document formats instead of rigid tables.,Database
Deadlocks builds a useful foundation for later learning about segmentation.,Operating System
Research papers have explored how Public key infrastructure interacts with honeypots in practice.,Cyber Security
File systems is sometimes compared with context switching to highlight their key differences.,Operating System
Exam questions often test whether students can relate Inheritance to dynamic typing.,Programming
A strong grasp of Context free grammars often makes it easier to later understand symbol tables.,Compiler Design
Engineers who work with Incident response also frequently need to understand security audits.,Cyber Security
Exam questions often test whether students can relate Domain name servers to load balancing.,Networking
Hardwired control units is sometimes compared with parallel processing to highlight their key differences.,Computer Architecture
Von neumann architecture builds a useful foundation for later learning about direct memory access.,Computer Architecture
Exam questions often test whether students can relate Domain name servers to DNS.,Networking
